half_year,area,area_type,county,bedrooms,rent_eur
2008H1,Carlow,county,Carlow,All bedrooms,754.49
2008H2,Carlow,county,Carlow,All bedrooms,748.29
2009H1,Carlow,county,Carlow,All bedrooms,702.08
2009H2,Carlow,county,Carlow,All bedrooms,680.64
2010H1,Carlow,county,Carlow,All bedrooms,647.72
2010H2,Carlow,county,Carlow,All bedrooms,643.09
2011H1,Carlow,county,Carlow,All bedrooms,619.29
2011H2,Carlow,county,Carlow,All bedrooms,623.02
2012H1,Carlow,county,Carlow,All bedrooms,606.11
2012H2,Carlow,county,Carlow,All bedrooms,626.51
2013H1,Carlow,county,Carlow,All bedrooms,590.73
2013H2,Carlow,county,Carlow,All bedrooms,597.15
2014H1,Carlow,county,Carlow,All bedrooms,583.92
2014H2,Carlow,county,Carlow,All bedrooms,615.97
2015H1,Carlow,county,Carlow,All bedrooms,597.87
2015H2,Carlow,county,Carlow,All bedrooms,653.36
2016H1,Carlow,county,Carlow,All bedrooms,641.58
2016H2,Carlow,county,Carlow,All bedrooms,683.55
2017H1,Carlow,county,Carlow,All bedrooms,689.98
2017H2,Carlow,county,Carlow,All bedrooms,730.9
2018H1,Carlow,county,Carlow,All bedrooms,732.98
2018H2,Carlow,county,Carlow,All bedrooms,783.24
2019H1,Carlow,county,Carlow,All bedrooms,789.86
2019H2,Carlow,county,Carlow,All bedrooms,837.72
2020H1,Carlow,county,Carlow,All bedrooms,835.21
2020H2,Carlow,county,Carlow,All bedrooms,877.51
2021H1,Carlow,county,Carlow,All bedrooms,878.39
2021H2,Carlow,county,Carlow,All bedrooms,933.74
2022H1,Carlow,county,Carlow,All bedrooms,950.0
2022H2,Carlow,county,Carlow,All bedrooms,1025.96
2023H1,Carlow,county,Carlow,All bedrooms,1031.39
2023H2,Carlow,county,Carlow,All bedrooms,1108.55
2024H1,Carlow,county,Carlow,All bedrooms,1109.93
2024H2,Carlow,county,Carlow,All bedrooms,1212.2
2025H1,Carlow,county,Carlow,All bedrooms,1229.86
2025H2,Carlow,county,Carlow,All bedrooms,1337.44
2008H1,Carlow,county,Carlow,Four plus bed,946.07
2008H2,Carlow,county,Carlow,Four plus bed,884.59
2009H1,Carlow,county,Carlow,Four plus bed,772.45
2009H2,Carlow,county,Carlow,Four plus bed,784.75
2010H1,Carlow,county,Carlow,Four plus bed,739.79
2010H2,Carlow,county,Carlow,Four plus bed,753.66
2011H1,Carlow,county,Carlow,Four plus bed,695.11
2011H2,Carlow,county,Carlow,Four plus bed,732.13
2012H1,Carlow,county,Carlow,Four plus bed,702.15
2012H2,Carlow,county,Carlow,Four plus bed,776.59
2013H1,Carlow,county,Carlow,Four plus bed,690.35
2013H2,Carlow,county,Carlow,Four plus bed,736.38
2014H1,Carlow,county,Carlow,Four plus bed,689.41
2014H2,Carlow,county,Carlow,Four plus bed,764.45
2015H1,Carlow,county,Carlow,Four plus bed,708.52
2015H2,Carlow,county,Carlow,Four plus bed,812.73
2016H1,Carlow,county,Carlow,Four plus bed,758.84
2016H2,Carlow,county,Carlow,Four plus bed,880.04
2017H1,Carlow,county,Carlow,Four plus bed,824.06
2017H2,Carlow,county,Carlow,Four plus bed,906.82
2018H1,Carlow,county,Carlow,Four plus bed,847.19
2018H2,Carlow,county,Carlow,Four plus bed,966.06
2019H1,Carlow,county,Carlow,Four plus bed,911.54
2019H2,Carlow,county,Carlow,Four plus bed,1040.63
2020H1,Carlow,county,Carlow,Four plus bed,1002.96
2020H2,Carlow,county,Carlow,Four plus bed,1116.02
2021H1,Carlow,county,Carlow,Four plus bed,1042.04
2021H2,Carlow,county,Carlow,Four plus bed,1171.19
2022H1,Carlow,county,Carlow,Four plus bed,1153.06
2022H2,Carlow,county,Carlow,Four plus bed,1328.16
2023H1,Carlow,county,Carlow,Four plus bed,1348.33
2023H2,Carlow,county,Carlow,Four plus bed,1525.63
2024H1,Carlow,county,Carlow,Four plus bed,1427.88
2024H2,Carlow,county,Carlow,Four plus bed,1586.57
2025H1,Carlow,county,Carlow,Four plus bed,1587.18
2025H2,Carlow,county,Carlow,Four plus bed,1816.69
2008H1,Carlow,county,Carlow,One bed,600.07
2008H2,Carlow,county,Carlow,One bed,592.34
2009H1,Carlow,county,Carlow,One bed,579.26
2009H2,Carlow,county,Carlow,One bed,544.03
2010H1,Carlow,county,Carlow,One bed,509.0
2010H2,Carlow,county,Carlow,One bed,495.66
2011H1,Carlow,county,Carlow,One bed,491.15
2011H2,Carlow,county,Carlow,One bed,481.78
2012H1,Carlow,county,Carlow,One bed,470.61
2012H2,Carlow,county,Carlow,One bed,456.75
2013H1,Carlow,county,Carlow,One bed,450.6
2013H2,Carlow,county,Carlow,One bed,432.31
2014H1,Carlow,county,Carlow,One bed,428.02
2014H2,Carlow,county,Carlow,One bed,428.59
2015H1,Carlow,county,Carlow,One bed,446.96
2015H2,Carlow,county,Carlow,One bed,466.52
2016H1,Carlow,county,Carlow,One bed,487.35
2016H2,Carlow,county,Carlow,One bed,491.66
2017H1,Carlow,county,Carlow,One bed,504.78
2017H2,Carlow,county,Carlow,One bed,525.26
2018H1,Carlow,county,Carlow,One bed,551.92
2018H2,Carlow,county,Carlow,One bed,583.17
2019H1,Carlow,county,Carlow,One bed,596.4
2019H2,Carlow,county,Carlow,One bed,609.05
2020H1,Carlow,county,Carlow,One bed,606.81
2020H2,Carlow,county,Carlow,One bed,648.22
2021H1,Carlow,county,Carlow,One bed,691.5
2021H2,Carlow,county,Carlow,One bed,711.61
2022H1,Carlow,county,Carlow,One bed,778.0
2022H2,Carlow,county,Carlow,One bed,835.71
2023H1,Carlow,county,Carlow,One bed,792.37
2023H2,Carlow,county,Carlow,One bed,833.38
2024H1,Carlow,county,Carlow,One bed,896.31
2024H2,Carlow,county,Carlow,One bed,1065.05
2025H1,Carlow,county,Carlow,One bed,1063.01
2025H2,Carlow,county,Carlow,One bed,1074.38
2008H1,Carlow,county,Carlow,Three bed,758.74
2008H2,Carlow,county,Carlow,Three bed,762.77
2009H1,Carlow,county,Carlow,Three bed,722.79
2009H2,Carlow,county,Carlow,Three bed,688.44
2010H1,Carlow,county,Carlow,Three bed,654.02
2010H2,Carlow,county,Carlow,Three bed,642.39
2011H1,Carlow,county,Carlow,Three bed,631.15
2011H2,Carlow,county,Carlow,Three bed,623.84
2012H1,Carlow,county,Carlow,Three bed,612.36
2012H2,Carlow,county,Carlow,Three bed,626.42
2013H1,Carlow,county,Carlow,Three bed,596.65
2013H2,Carlow,county,Carlow,Three bed,592.67
2014H1,Carlow,county,Carlow,Three bed,595.08
2014H2,Carlow,county,Carlow,Three bed,632.06
2015H1,Carlow,county,Carlow,Three bed,617.31
2015H2,Carlow,county,Carlow,Three bed,667.29
2016H1,Carlow,county,Carlow,Three bed,663.96
2016H2,Carlow,county,Carlow,Three bed,682.99
2017H1,Carlow,county,Carlow,Three bed,715.87
2017H2,Carlow,county,Carlow,Three bed,735.12
2018H1,Carlow,county,Carlow,Three bed,762.93
2018H2,Carlow,county,Carlow,Three bed,787.25
2019H1,Carlow,county,Carlow,Three bed,816.29
2019H2,Carlow,county,Carlow,Three bed,839.15
2020H1,Carlow,county,Carlow,Three bed,853.36
2020H2,Carlow,county,Carlow,Three bed,877.49
2021H1,Carlow,county,Carlow,Three bed,896.87
2021H2,Carlow,county,Carlow,Three bed,929.72
2022H1,Carlow,county,Carlow,Three bed,961.42
2022H2,Carlow,county,Carlow,Three bed,987.64
2023H1,Carlow,county,Carlow,Three bed,1031.5
2023H2,Carlow,county,Carlow,Three bed,1066.82
2024H1,Carlow,county,Carlow,Three bed,1106.15
2024H2,Carlow,county,Carlow,Three bed,1155.6
2025H1,Carlow,county,Carlow,Three bed,1204.01
2025H2,Carlow,county,Carlow,Three bed,1275.99
2008H1,Carlow,county,Carlow,Two bed,689.65
2008H2,Carlow,county,Carlow,Two bed,684.24
2009H1,Carlow,county,Carlow,Two bed,669.23
2009H2,Carlow,county,Carlow,Two bed,633.58
2010H1,Carlow,county,Carlow,Two bed,616.68
2010H2,Carlow,county,Carlow,Two bed,604.76
2011H1,Carlow,county,Carlow,Two bed,594.17
2011H2,Carlow,county,Carlow,Two bed,586.04
2012H1,Carlow,county,Carlow,Two bed,577.5
2012H2,Carlow,county,Carlow,Two bed,559.91
2013H1,Carlow,county,Carlow,Two bed,554.27
2013H2,Carlow,county,Carlow,Two bed,557.12
2014H1,Carlow,county,Carlow,Two bed,549.62
2014H2,Carlow,county,Carlow,Two bed,547.99
2015H1,Carlow,county,Carlow,Two bed,554.04
2015H2,Carlow,county,Carlow,Two bed,576.28
2016H1,Carlow,county,Carlow,Two bed,594.57
2016H2,Carlow,county,Carlow,Two bed,619.47
2017H1,Carlow,county,Carlow,Two bed,646.13
2017H2,Carlow,county,Carlow,Two bed,668.81
2018H1,Carlow,county,Carlow,Two bed,689.19
2018H2,Carlow,county,Carlow,Two bed,710.2
2019H1,Carlow,county,Carlow,Two bed,742.6
2019H2,Carlow,county,Carlow,Two bed,772.52
2020H1,Carlow,county,Carlow,Two bed,786.12
2020H2,Carlow,county,Carlow,Two bed,791.11
2021H1,Carlow,county,Carlow,Two bed,803.13
2021H2,Carlow,county,Carlow,Two bed,827.0
2022H1,Carlow,county,Carlow,Two bed,857.71
2022H2,Carlow,county,Carlow,Two bed,884.48
2023H1,Carlow,county,Carlow,Two bed,910.79
2023H2,Carlow,county,Carlow,Two bed,926.66
2024H1,Carlow,county,Carlow,Two bed,958.61
2024H2,Carlow,county,Carlow,Two bed,1012.11
2025H1,Carlow,county,Carlow,Two bed,1068.99
2025H2,Carlow,county,Carlow,Two bed,1102.91
2008H1,Cavan,county,Cavan,All bedrooms,585.08
2008H2,Cavan,county,Cavan,All bedrooms,571.63
2009H1,Cavan,county,Cavan,All bedrooms,543.26
2009H2,Cavan,county,Cavan,All bedrooms,518.68
2010H1,Cavan,county,Cavan,All bedrooms,488.91
2010H2,Cavan,county,Cavan,All bedrooms,476.15
2011H1,Cavan,county,Cavan,All bedrooms,464.73
2011H2,Cavan,county,Cavan,All bedrooms,456.88
2012H1,Cavan,county,Cavan,All bedrooms,449.22
2012H2,Cavan,county,Cavan,All bedrooms,450.53
2013H1,Cavan,county,Cavan,All bedrooms,455.05
2013H2,Cavan,county,Cavan,All bedrooms,446.81
2014H1,Cavan,county,Cavan,All bedrooms,441.95
2014H2,Cavan,county,Cavan,All bedrooms,445.92
2015H1,Cavan,county,Cavan,All bedrooms,461.51
2015H2,Cavan,county,Cavan,All bedrooms,479.82
2016H1,Cavan,county,Cavan,All bedrooms,503.73
2016H2,Cavan,county,Cavan,All bedrooms,528.18
2017H1,Cavan,county,Cavan,All bedrooms,554.56
2017H2,Cavan,county,Cavan,All bedrooms,568.09
2018H1,Cavan,county,Cavan,All bedrooms,582.45
2018H2,Cavan,county,Cavan,All bedrooms,601.56
2019H1,Cavan,county,Cavan,All bedrooms,627.17
2019H2,Cavan,county,Cavan,All bedrooms,649.07
2020H1,Cavan,county,Cavan,All bedrooms,665.69
2020H2,Cavan,county,Cavan,All bedrooms,674.08
2021H1,Cavan,county,Cavan,All bedrooms,686.24
2021H2,Cavan,county,Cavan,All bedrooms,700.65
2022H1,Cavan,county,Cavan,All bedrooms,747.76
2022H2,Cavan,county,Cavan,All bedrooms,807.07
2023H1,Cavan,county,Cavan,All bedrooms,843.96
2023H2,Cavan,county,Cavan,All bedrooms,895.39
2024H1,Cavan,county,Cavan,All bedrooms,960.17
2024H2,Cavan,county,Cavan,All bedrooms,1000.12
2025H1,Cavan,county,Cavan,All bedrooms,1060.52
2025H2,Cavan,county,Cavan,All bedrooms,1111.38
2008H1,Cavan,county,Cavan,Four plus bed,662.73
2008H2,Cavan,county,Cavan,Four plus bed,657.74
2009H1,Cavan,county,Cavan,Four plus bed,619.64
2009H2,Cavan,county,Cavan,Four plus bed,597.87
2010H1,Cavan,county,Cavan,Four plus bed,573.52
2010H2,Cavan,county,Cavan,Four plus bed,553.04
2011H1,Cavan,county,Cavan,Four plus bed,539.14
2011H2,Cavan,county,Cavan,Four plus bed,528.24
2012H1,Cavan,county,Cavan,Four plus bed,525.14
2012H2,Cavan,county,Cavan,Four plus bed,526.27
2013H1,Cavan,county,Cavan,Four plus bed,523.15
2013H2,Cavan,county,Cavan,Four plus bed,512.77
2014H1,Cavan,county,Cavan,Four plus bed,502.71
2014H2,Cavan,county,Cavan,Four plus bed,515.99
2015H1,Cavan,county,Cavan,Four plus bed,537.61
2015H2,Cavan,county,Cavan,Four plus bed,563.55
2016H1,Cavan,county,Cavan,Four plus bed,593.7
2016H2,Cavan,county,Cavan,Four plus bed,623.62
2017H1,Cavan,county,Cavan,Four plus bed,650.71
2017H2,Cavan,county,Cavan,Four plus bed,654.59
2018H1,Cavan,county,Cavan,Four plus bed,672.89
2018H2,Cavan,county,Cavan,Four plus bed,695.92
2019H1,Cavan,county,Cavan,Four plus bed,721.45
2019H2,Cavan,county,Cavan,Four plus bed,742.44
2020H1,Cavan,county,Cavan,Four plus bed,768.65
2020H2,Cavan,county,Cavan,Four plus bed,775.21
2021H1,Cavan,county,Cavan,Four plus bed,793.51
2021H2,Cavan,county,Cavan,Four plus bed,811.41
2022H1,Cavan,county,Cavan,Four plus bed,870.36
2022H2,Cavan,county,Cavan,Four plus bed,987.5
2023H1,Cavan,county,Cavan,Four plus bed,1008.6
2023H2,Cavan,county,Cavan,Four plus bed,1059.92
2024H1,Cavan,county,Cavan,Four plus bed,1135.34
2024H2,Cavan,county,Cavan,Four plus bed,1173.43
2025H1,Cavan,county,Cavan,Four plus bed,1261.94
2025H2,Cavan,county,Cavan,Four plus bed,1331.57
2008H1,Cavan,county,Cavan,One bed,444.4
2008H2,Cavan,county,Cavan,One bed,432.78
2009H1,Cavan,county,Cavan,One bed,418.64
2009H2,Cavan,county,Cavan,One bed,392.11
2010H1,Cavan,county,Cavan,One bed,360.12
2010H2,Cavan,county,Cavan,One bed,344.67
2011H1,Cavan,county,Cavan,One bed,333.24
2011H2,Cavan,county,Cavan,One bed,322.33
2012H1,Cavan,county,Cavan,One bed,320.27
2012H2,Cavan,county,Cavan,One bed,323.21
2013H1,Cavan,county,Cavan,One bed,329.39
2013H2,Cavan,county,Cavan,One bed,324.93
2014H1,Cavan,county,Cavan,One bed,341.68
2014H2,Cavan,county,Cavan,One bed,352.03
2015H1,Cavan,county,Cavan,One bed,342.13
2015H2,Cavan,county,Cavan,One bed,353.9
2016H1,Cavan,county,Cavan,One bed,369.66
2016H2,Cavan,county,Cavan,One bed,393.89
2017H1,Cavan,county,Cavan,One bed,421.32
2017H2,Cavan,county,Cavan,One bed,428.19
2018H1,Cavan,county,Cavan,One bed,432.95
2018H2,Cavan,county,Cavan,One bed,444.92
2019H1,Cavan,county,Cavan,One bed,460.61
2019H2,Cavan,county,Cavan,One bed,476.93
2020H1,Cavan,county,Cavan,One bed,502.06
2020H2,Cavan,county,Cavan,One bed,507.4
2021H1,Cavan,county,Cavan,One bed,516.32
2021H2,Cavan,county,Cavan,One bed,553.34
2022H1,Cavan,county,Cavan,One bed,592.79
2022H2,Cavan,county,Cavan,One bed,633.96
2023H1,Cavan,county,Cavan,One bed,613.66
2023H2,Cavan,county,Cavan,One bed,637.9
2024H1,Cavan,county,Cavan,One bed,696.85
2024H2,Cavan,county,Cavan,One bed,731.04
2025H1,Cavan,county,Cavan,One bed,742.78
2025H2,Cavan,county,Cavan,One bed,786.81
2008H1,Cavan,county,Cavan,Three bed,577.61
2008H2,Cavan,county,Cavan,Three bed,566.83
2009H1,Cavan,county,Cavan,Three bed,536.45
2009H2,Cavan,county,Cavan,Three bed,514.15
2010H1,Cavan,county,Cavan,Three bed,490.77
2010H2,Cavan,county,Cavan,Three bed,478.05
2011H1,Cavan,county,Cavan,Three bed,462.83
2011H2,Cavan,county,Cavan,Three bed,456.62
2012H1,Cavan,county,Cavan,Three bed,447.07
2012H2,Cavan,county,Cavan,Three bed,449.13
2013H1,Cavan,county,Cavan,Three bed,450.37
2013H2,Cavan,county,Cavan,Three bed,444.52
2014H1,Cavan,county,Cavan,Three bed,444.07
2014H2,Cavan,county,Cavan,Three bed,446.55
2015H1,Cavan,county,Cavan,Three bed,464.81
2015H2,Cavan,county,Cavan,Three bed,484.64
2016H1,Cavan,county,Cavan,Three bed,509.0
2016H2,Cavan,county,Cavan,Three bed,525.72
2017H1,Cavan,county,Cavan,Three bed,555.1
2017H2,Cavan,county,Cavan,Three bed,581.53
2018H1,Cavan,county,Cavan,Three bed,609.03
2018H2,Cavan,county,Cavan,Three bed,627.88
2019H1,Cavan,county,Cavan,Three bed,653.57
2019H2,Cavan,county,Cavan,Three bed,684.39
2020H1,Cavan,county,Cavan,Three bed,694.04
2020H2,Cavan,county,Cavan,Three bed,699.25
2021H1,Cavan,county,Cavan,Three bed,691.0
2021H2,Cavan,county,Cavan,Three bed,702.47
2022H1,Cavan,county,Cavan,Three bed,764.55
2022H2,Cavan,county,Cavan,Three bed,804.47
2023H1,Cavan,county,Cavan,Three bed,841.72
2023H2,Cavan,county,Cavan,Three bed,918.67
2024H1,Cavan,county,Cavan,Three bed,984.38
2024H2,Cavan,county,Cavan,Three bed,1023.18
2025H1,Cavan,county,Cavan,Three bed,1087.32
2025H2,Cavan,county,Cavan,Three bed,1136.7
2008H1,Cavan,county,Cavan,Two bed,564.92
2008H2,Cavan,county,Cavan,Two bed,552.69
2009H1,Cavan,county,Cavan,Two bed,521.76
2009H2,Cavan,county,Cavan,Two bed,489.09
2010H1,Cavan,county,Cavan,Two bed,445.28
2010H2,Cavan,county,Cavan,Two bed,434.66
2011H1,Cavan,county,Cavan,Two bed,414.77
2011H2,Cavan,county,Cavan,Two bed,403.42
2012H1,Cavan,county,Cavan,Two bed,389.55
2012H2,Cavan,county,Cavan,Two bed,392.9
2013H1,Cavan,county,Cavan,Two bed,412.68
2013H2,Cavan,county,Cavan,Two bed,409.96
2014H1,Cavan,county,Cavan,Two bed,408.86
2014H2,Cavan,county,Cavan,Two bed,408.92
2015H1,Cavan,county,Cavan,Two bed,427.69
2015H2,Cavan,county,Cavan,Two bed,445.22
2016H1,Cavan,county,Cavan,Two bed,459.24
2016H2,Cavan,county,Cavan,Two bed,488.83
2017H1,Cavan,county,Cavan,Two bed,506.95
2017H2,Cavan,county,Cavan,Two bed,518.25
2018H1,Cavan,county,Cavan,Two bed,527.61
2018H2,Cavan,county,Cavan,Two bed,548.26
2019H1,Cavan,county,Cavan,Two bed,583.3
2019H2,Cavan,county,Cavan,Two bed,602.76
2020H1,Cavan,county,Cavan,Two bed,621.66
2020H2,Cavan,county,Cavan,Two bed,631.7
2021H1,Cavan,county,Cavan,Two bed,662.84
2021H2,Cavan,county,Cavan,Two bed,675.18
2022H1,Cavan,county,Cavan,Two bed,709.03
2022H2,Cavan,county,Cavan,Two bed,751.26
2023H1,Cavan,county,Cavan,Two bed,814.68
2023H2,Cavan,county,Cavan,Two bed,857.4
2024H1,Cavan,county,Cavan,Two bed,919.86
2024H2,Cavan,county,Cavan,Two bed,952.22
2025H1,Cavan,county,Cavan,Two bed,1005.1
2025H2,Cavan,county,Cavan,Two bed,1047.09
2008H1,Clare,county,Clare,All bedrooms,722.86
2008H2,Clare,county,Clare,All bedrooms,695.75
2009H1,Clare,county,Clare,All bedrooms,664.69
2009H2,Clare,county,Clare,All bedrooms,630.38
2010H1,Clare,county,Clare,All bedrooms,599.75
2010H2,Clare,county,Clare,All bedrooms,575.96
2011H1,Clare,county,Clare,All bedrooms,557.6
2011H2,Clare,county,Clare,All bedrooms,543.32
2012H1,Clare,county,Clare,All bedrooms,535.6
2012H2,Clare,county,Clare,All bedrooms,529.2
2013H1,Clare,county,Clare,All bedrooms,530.16
2013H2,Clare,county,Clare,All bedrooms,528.29
2014H1,Clare,county,Clare,All bedrooms,529.99
2014H2,Clare,county,Clare,All bedrooms,527.53
2015H1,Clare,county,Clare,All bedrooms,535.16
2015H2,Clare,county,Clare,All bedrooms,550.78
2016H1,Clare,county,Clare,All bedrooms,570.14
2016H2,Clare,county,Clare,All bedrooms,597.93
2017H1,Clare,county,Clare,All bedrooms,623.95
2017H2,Clare,county,Clare,All bedrooms,649.16
2018H1,Clare,county,Clare,All bedrooms,674.53
2018H2,Clare,county,Clare,All bedrooms,696.35
2019H1,Clare,county,Clare,All bedrooms,720.01
2019H2,Clare,county,Clare,All bedrooms,736.16
2020H1,Clare,county,Clare,All bedrooms,750.98
2020H2,Clare,county,Clare,All bedrooms,761.41
2021H1,Clare,county,Clare,All bedrooms,783.7
2021H2,Clare,county,Clare,All bedrooms,811.06
2022H1,Clare,county,Clare,All bedrooms,848.64
2022H2,Clare,county,Clare,All bedrooms,894.11
2023H1,Clare,county,Clare,All bedrooms,924.18
2023H2,Clare,county,Clare,All bedrooms,985.99
2024H1,Clare,county,Clare,All bedrooms,1040.88
2024H2,Clare,county,Clare,All bedrooms,1090.81
2025H1,Clare,county,Clare,All bedrooms,1125.41
2025H2,Clare,county,Clare,All bedrooms,1182.32
2008H1,Clare,county,Clare,Four plus bed,799.25
2008H2,Clare,county,Clare,Four plus bed,774.31
2009H1,Clare,county,Clare,Four plus bed,747.21
2009H2,Clare,county,Clare,Four plus bed,718.33
2010H1,Clare,county,Clare,Four plus bed,688.24
2010H2,Clare,county,Clare,Four plus bed,659.7
2011H1,Clare,county,Clare,Four plus bed,638.51
2011H2,Clare,county,Clare,Four plus bed,627.2
2012H1,Clare,county,Clare,Four plus bed,616.58
2012H2,Clare,county,Clare,Four plus bed,607.27
2013H1,Clare,county,Clare,Four plus bed,609.6
2013H2,Clare,county,Clare,Four plus bed,616.46
2014H1,Clare,county,Clare,Four plus bed,622.34
2014H2,Clare,county,Clare,Four plus bed,614.3
2015H1,Clare,county,Clare,Four plus bed,621.94
2015H2,Clare,county,Clare,Four plus bed,640.19
2016H1,Clare,county,Clare,Four plus bed,670.47
2016H2,Clare,county,Clare,Four plus bed,719.27
2017H1,Clare,county,Clare,Four plus bed,754.26
2017H2,Clare,county,Clare,Four plus bed,782.22
2018H1,Clare,county,Clare,Four plus bed,801.25
2018H2,Clare,county,Clare,Four plus bed,815.01
2019H1,Clare,county,Clare,Four plus bed,842.09
2019H2,Clare,county,Clare,Four plus bed,859.9
2020H1,Clare,county,Clare,Four plus bed,882.98
2020H2,Clare,county,Clare,Four plus bed,892.24
2021H1,Clare,county,Clare,Four plus bed,916.86
2021H2,Clare,county,Clare,Four plus bed,958.88
2022H1,Clare,county,Clare,Four plus bed,1019.58
2022H2,Clare,county,Clare,Four plus bed,1078.0
2023H1,Clare,county,Clare,Four plus bed,1137.83
2023H2,Clare,county,Clare,Four plus bed,1213.93
2024H1,Clare,county,Clare,Four plus bed,1253.15
2024H2,Clare,county,Clare,Four plus bed,1306.13
2025H1,Clare,county,Clare,Four plus bed,1330.96
2025H2,Clare,county,Clare,Four plus bed,1417.25
2008H1,Clare,county,Clare,One bed,552.91
2008H2,Clare,county,Clare,One bed,528.09
2009H1,Clare,county,Clare,One bed,513.49
2009H2,Clare,county,Clare,One bed,476.9
2010H1,Clare,county,Clare,One bed,449.5
2010H2,Clare,county,Clare,One bed,432.0
2011H1,Clare,county,Clare,One bed,419.71
2011H2,Clare,county,Clare,One bed,405.24
2012H1,Clare,county,Clare,One bed,397.69
2012H2,Clare,county,Clare,One bed,405.29
2013H1,Clare,county,Clare,One bed,398.16
2013H2,Clare,county,Clare,One bed,391.2
2014H1,Clare,county,Clare,One bed,369.36
2014H2,Clare,county,Clare,One bed,375.02
2015H1,Clare,county,Clare,One bed,393.74
2015H2,Clare,county,Clare,One bed,399.76
2016H1,Clare,county,Clare,One bed,406.92
2016H2,Clare,county,Clare,One bed,399.58
2017H1,Clare,county,Clare,One bed,424.47
2017H2,Clare,county,Clare,One bed,433.47
2018H1,Clare,county,Clare,One bed,458.37
2018H2,Clare,county,Clare,One bed,478.4
2019H1,Clare,county,Clare,One bed,503.19
2019H2,Clare,county,Clare,One bed,508.63
2020H1,Clare,county,Clare,One bed,514.41
2020H2,Clare,county,Clare,One bed,518.12
2021H1,Clare,county,Clare,One bed,531.93
2021H2,Clare,county,Clare,One bed,546.11
2022H1,Clare,county,Clare,One bed,553.98
2022H2,Clare,county,Clare,One bed,566.53
2023H1,Clare,county,Clare,One bed,582.26
2023H2,Clare,county,Clare,One bed,645.32
2024H1,Clare,county,Clare,One bed,678.63
2024H2,Clare,county,Clare,One bed,705.59
2025H1,Clare,county,Clare,One bed,711.04
2025H2,Clare,county,Clare,One bed,787.33
2008H1,Clare,county,Clare,Three bed,749.35
2008H2,Clare,county,Clare,Three bed,722.49
2009H1,Clare,county,Clare,Three bed,684.93
2009H2,Clare,county,Clare,Three bed,648.0
2010H1,Clare,county,Clare,Three bed,610.79
2010H2,Clare,county,Clare,Three bed,590.14
2011H1,Clare,county,Clare,Three bed,571.27
2011H2,Clare,county,Clare,Three bed,556.37
2012H1,Clare,county,Clare,Three bed,544.89
2012H2,Clare,county,Clare,Three bed,535.99
2013H1,Clare,county,Clare,Three bed,528.38
2013H2,Clare,county,Clare,Three bed,533.31
2014H1,Clare,county,Clare,Three bed,534.25
2014H2,Clare,county,Clare,Three bed,542.07
2015H1,Clare,county,Clare,Three bed,546.64
2015H2,Clare,county,Clare,Three bed,566.41
2016H1,Clare,county,Clare,Three bed,588.52
2016H2,Clare,county,Clare,Three bed,612.88
2017H1,Clare,county,Clare,Three bed,639.36
2017H2,Clare,county,Clare,Three bed,664.58
2018H1,Clare,county,Clare,Three bed,695.88
2018H2,Clare,county,Clare,Three bed,719.95
2019H1,Clare,county,Clare,Three bed,741.68
2019H2,Clare,county,Clare,Three bed,763.37
2020H1,Clare,county,Clare,Three bed,784.96
2020H2,Clare,county,Clare,Three bed,796.98
2021H1,Clare,county,Clare,Three bed,829.95
2021H2,Clare,county,Clare,Three bed,852.41
2022H1,Clare,county,Clare,Three bed,899.68
2022H2,Clare,county,Clare,Three bed,955.81
2023H1,Clare,county,Clare,Three bed,984.64
2023H2,Clare,county,Clare,Three bed,1036.76
2024H1,Clare,county,Clare,Three bed,1126.03
2024H2,Clare,county,Clare,Three bed,1155.05
2025H1,Clare,county,Clare,Three bed,1225.14
2025H2,Clare,county,Clare,Three bed,1255.31
2008H1,Clare,county,Clare,Two bed,669.62
2008H2,Clare,county,Clare,Two bed,646.72
2009H1,Clare,county,Clare,Two bed,608.9
2009H2,Clare,county,Clare,Two bed,577.94
2010H1,Clare,county,Clare,Two bed,548.89
2010H2,Clare,county,Clare,Two bed,523.18
2011H1,Clare,county,Clare,Two bed,499.29
2011H2,Clare,county,Clare,Two bed,485.37
2012H1,Clare,county,Clare,Two bed,472.39
2012H2,Clare,county,Clare,Two bed,471.3
2013H1,Clare,county,Clare,Two bed,471.85
2013H2,Clare,county,Clare,Two bed,466.17
2014H1,Clare,county,Clare,Two bed,474.44
2014H2,Clare,county,Clare,Two bed,471.37
2015H1,Clare,county,Clare,Two bed,488.66
2015H2,Clare,county,Clare,Two bed,499.58
2016H1,Clare,county,Clare,Two bed,513.18
2016H2,Clare,county,Clare,Two bed,532.64
2017H1,Clare,county,Clare,Two bed,563.69
2017H2,Clare,county,Clare,Two bed,589.18
2018H1,Clare,county,Clare,Two bed,621.85
2018H2,Clare,county,Clare,Two bed,641.12
2019H1,Clare,county,Clare,Two bed,669.01
2019H2,Clare,county,Clare,Two bed,682.22
2020H1,Clare,county,Clare,Two bed,694.36
2020H2,Clare,county,Clare,Two bed,702.78
2021H1,Clare,county,Clare,Two bed,730.15
2021H2,Clare,county,Clare,Two bed,757.21
2022H1,Clare,county,Clare,Two bed,792.75
2022H2,Clare,county,Clare,Two bed,817.67
2023H1,Clare,county,Clare,Two bed,849.06
2023H2,Clare,county,Clare,Two bed,899.37
2024H1,Clare,county,Clare,Two bed,950.48
2024H2,Clare,county,Clare,Two bed,1006.43
2025H1,Clare,county,Clare,Two bed,1037.41
2025H2,Clare,county,Clare,Two bed,1088.12
2008H1,Cork,county,Cork,All bedrooms,920.52
2008H2,Cork,county,Cork,All bedrooms,900.09
2009H1,Cork,county,Cork,All bedrooms,853.42
2009H2,Cork,county,Cork,All bedrooms,811.98
2010H1,Cork,county,Cork,All bedrooms,766.81
2010H2,Cork,county,Cork,All bedrooms,748.95
2011H1,Cork,county,Cork,All bedrooms,724.33
2011H2,Cork,county,Cork,All bedrooms,724.51
2012H1,Cork,county,Cork,All bedrooms,710.27
2012H2,Cork,county,Cork,All bedrooms,724.85
2013H1,Cork,county,Cork,All bedrooms,719.14
2013H2,Cork,county,Cork,All bedrooms,737.91
2014H1,Cork,county,Cork,All bedrooms,736.24
2014H2,Cork,county,Cork,All bedrooms,783.08
2015H1,Cork,county,Cork,All bedrooms,779.79
2015H2,Cork,county,Cork,All bedrooms,825.54
2016H1,Cork,county,Cork,All bedrooms,848.28
2016H2,Cork,county,Cork,All bedrooms,902.25
2017H1,Cork,county,Cork,All bedrooms,934.39
2017H2,Cork,county,Cork,All bedrooms,980.3
2018H1,Cork,county,Cork,All bedrooms,1001.82
2018H2,Cork,county,Cork,All bedrooms,1038.46
2019H1,Cork,county,Cork,All bedrooms,1053.54
2019H2,Cork,county,Cork,All bedrooms,1088.85
2020H1,Cork,county,Cork,All bedrooms,1094.91
2020H2,Cork,county,Cork,All bedrooms,1125.4
2021H1,Cork,county,Cork,All bedrooms,1133.04
2021H2,Cork,county,Cork,All bedrooms,1168.5
2022H1,Cork,county,Cork,All bedrooms,1191.39
2022H2,Cork,county,Cork,All bedrooms,1238.96
2023H1,Cork,county,Cork,All bedrooms,1254.51
2023H2,Cork,county,Cork,All bedrooms,1316.99
2024H1,Cork,county,Cork,All bedrooms,1352.54
2024H2,Cork,county,Cork,All bedrooms,1426.69
2025H1,Cork,county,Cork,All bedrooms,1478.8
2025H2,Cork,county,Cork,All bedrooms,1557.66
2008H1,Cork,county,Cork,Four plus bed,1125.54
2008H2,Cork,county,Cork,Four plus bed,1111.81
2009H1,Cork,county,Cork,Four plus bed,1019.91
2009H2,Cork,county,Cork,Four plus bed,984.6
2010H1,Cork,county,Cork,Four plus bed,910.12
2010H2,Cork,county,Cork,Four plus bed,921.73
2011H1,Cork,county,Cork,Four plus bed,875.02
2011H2,Cork,county,Cork,Four plus bed,915.55
2012H1,Cork,county,Cork,Four plus bed,858.49
2012H2,Cork,county,Cork,Four plus bed,914.11
2013H1,Cork,county,Cork,Four plus bed,876.09
2013H2,Cork,county,Cork,Four plus bed,929.38
2014H1,Cork,county,Cork,Four plus bed,896.96
2014H2,Cork,county,Cork,Four plus bed,1032.97
2015H1,Cork,county,Cork,Four plus bed,957.85
2015H2,Cork,county,Cork,Four plus bed,1053.03
2016H1,Cork,county,Cork,Four plus bed,1040.11
2016H2,Cork,county,Cork,Four plus bed,1133.35
2017H1,Cork,county,Cork,Four plus bed,1119.53
2017H2,Cork,county,Cork,Four plus bed,1209.41
2018H1,Cork,county,Cork,Four plus bed,1203.42
2018H2,Cork,county,Cork,Four plus bed,1290.01
2019H1,Cork,county,Cork,Four plus bed,1273.17
2019H2,Cork,county,Cork,Four plus bed,1362.17
2020H1,Cork,county,Cork,Four plus bed,1322.97
2020H2,Cork,county,Cork,Four plus bed,1410.07
2021H1,Cork,county,Cork,Four plus bed,1383.88
2021H2,Cork,county,Cork,Four plus bed,1478.07
2022H1,Cork,county,Cork,Four plus bed,1490.72
2022H2,Cork,county,Cork,Four plus bed,1614.05
2023H1,Cork,county,Cork,Four plus bed,1608.05
2023H2,Cork,county,Cork,Four plus bed,1749.69
2024H1,Cork,county,Cork,Four plus bed,1784.29
2024H2,Cork,county,Cork,Four plus bed,1955.47
2025H1,Cork,county,Cork,Four plus bed,2015.18
2025H2,Cork,county,Cork,Four plus bed,2164.24
2008H1,Cork,county,Cork,One bed,698.03
2008H2,Cork,county,Cork,One bed,666.92
2009H1,Cork,county,Cork,One bed,656.81
2009H2,Cork,county,Cork,One bed,625.99
2010H1,Cork,county,Cork,One bed,606.96
2010H2,Cork,county,Cork,One bed,571.84
2011H1,Cork,county,Cork,One bed,550.27
2011H2,Cork,county,Cork,One bed,540.47
2012H1,Cork,county,Cork,One bed,544.12
2012H2,Cork,county,Cork,One bed,546.77
2013H1,Cork,county,Cork,One bed,556.72
2013H2,Cork,county,Cork,One bed,555.48
2014H1,Cork,county,Cork,One bed,572.43
2014H2,Cork,county,Cork,One bed,582.31
2015H1,Cork,county,Cork,One bed,601.98
2015H2,Cork,county,Cork,One bed,621.21
2016H1,Cork,county,Cork,One bed,646.15
2016H2,Cork,county,Cork,One bed,676.77
2017H1,Cork,county,Cork,One bed,712.62
2017H2,Cork,county,Cork,One bed,745.84
2018H1,Cork,county,Cork,One bed,772.8
2018H2,Cork,county,Cork,One bed,794.77
2019H1,Cork,county,Cork,One bed,815.65
2019H2,Cork,county,Cork,One bed,831.06
2020H1,Cork,county,Cork,One bed,851.96
2020H2,Cork,county,Cork,One bed,870.05
2021H1,Cork,county,Cork,One bed,888.45
2021H2,Cork,county,Cork,One bed,911.94
2022H1,Cork,county,Cork,One bed,929.06
2022H2,Cork,county,Cork,One bed,950.41
2023H1,Cork,county,Cork,One bed,956.64
2023H2,Cork,county,Cork,One bed,988.28
2024H1,Cork,county,Cork,One bed,1024.82
2024H2,Cork,county,Cork,One bed,1064.7
2025H1,Cork,county,Cork,One bed,1114.52
2025H2,Cork,county,Cork,One bed,1147.45
2008H1,Cork,county,Cork,Three bed,935.09
2008H2,Cork,county,Cork,Three bed,911.8
2009H1,Cork,county,Cork,Three bed,868.71
2009H2,Cork,county,Cork,Three bed,821.52
2010H1,Cork,county,Cork,Three bed,777.89
2010H2,Cork,county,Cork,Three bed,755.4
2011H1,Cork,county,Cork,Three bed,739.64
2011H2,Cork,county,Cork,Three bed,734.28
2012H1,Cork,county,Cork,Three bed,727.35
2012H2,Cork,county,Cork,Three bed,733.83
2013H1,Cork,county,Cork,Three bed,731.93
2013H2,Cork,county,Cork,Three bed,749.14
2014H1,Cork,county,Cork,Three bed,747.83
2014H2,Cork,county,Cork,Three bed,786.44
2015H1,Cork,county,Cork,Three bed,791.49
2015H2,Cork,county,Cork,Three bed,835.46
2016H1,Cork,county,Cork,Three bed,867.94
2016H2,Cork,county,Cork,Three bed,913.87
2017H1,Cork,county,Cork,Three bed,959.68
2017H2,Cork,county,Cork,Three bed,999.63
2018H1,Cork,county,Cork,Three bed,1029.31
2018H2,Cork,county,Cork,Three bed,1053.49
2019H1,Cork,county,Cork,Three bed,1074.05
2019H2,Cork,county,Cork,Three bed,1100.38
2020H1,Cork,county,Cork,Three bed,1118.09
2020H2,Cork,county,Cork,Three bed,1141.18
2021H1,Cork,county,Cork,Three bed,1163.91
2021H2,Cork,county,Cork,Three bed,1190.75
2022H1,Cork,county,Cork,Three bed,1228.76
2022H2,Cork,county,Cork,Three bed,1263.91
2023H1,Cork,county,Cork,Three bed,1288.12
2023H2,Cork,county,Cork,Three bed,1344.87
2024H1,Cork,county,Cork,Three bed,1389.66
2024H2,Cork,county,Cork,Three bed,1456.92
2025H1,Cork,county,Cork,Three bed,1526.57
2025H2,Cork,county,Cork,Three bed,1597.6
2008H1,Cork,county,Cork,Two bed,900.58
2008H2,Cork,county,Cork,Two bed,877.52
2009H1,Cork,county,Cork,Two bed,834.72
2009H2,Cork,county,Cork,Two bed,785.8
2010H1,Cork,county,Cork,Two bed,747.42
2010H2,Cork,county,Cork,Two bed,717.93
2011H1,Cork,county,Cork,Two bed,698.93
2011H2,Cork,county,Cork,Two bed,685.06
2012H1,Cork,county,Cork,Two bed,685.93
2012H2,Cork,county,Cork,Two bed,688.44
2013H1,Cork,county,Cork,Two bed,698.09
2013H2,Cork,county,Cork,Two bed,708.99
2014H1,Cork,county,Cork,Two bed,722.45
2014H2,Cork,county,Cork,Two bed,743.76
2015H1,Cork,county,Cork,Two bed,766.92
2015H2,Cork,county,Cork,Two bed,796.47
2016H1,Cork,county,Cork,Two bed,835.16
2016H2,Cork,county,Cork,Two bed,880.02
2017H1,Cork,county,Cork,Two bed,931.74
2017H2,Cork,county,Cork,Two bed,962.72
2018H1,Cork,county,Cork,Two bed,997.66
2018H2,Cork,county,Cork,Two bed,1020.6
2019H1,Cork,county,Cork,Two bed,1053.7
2019H2,Cork,county,Cork,Two bed,1074.05
2020H1,Cork,county,Cork,Two bed,1095.82
2020H2,Cork,county,Cork,Two bed,1109.93
2021H1,Cork,county,Cork,Two bed,1128.0
2021H2,Cork,county,Cork,Two bed,1149.63
2022H1,Cork,county,Cork,Two bed,1175.2
2022H2,Cork,county,Cork,Two bed,1193.07
2023H1,Cork,county,Cork,Two bed,1224.35
2023H2,Cork,county,Cork,Two bed,1263.69
2024H1,Cork,county,Cork,Two bed,1309.93
2024H2,Cork,county,Cork,Two bed,1356.03
2025H1,Cork,county,Cork,Two bed,1412.97
2025H2,Cork,county,Cork,Two bed,1460.57
2008H1,Cork City,city,Cork,All bedrooms,1003.33
2008H2,Cork City,city,Cork,All bedrooms,975.21
2009H1,Cork City,city,Cork,All bedrooms,924.63
2009H2,Cork City,city,Cork,All bedrooms,879.69
2010H1,Cork City,city,Cork,All bedrooms,828.9
2010H2,Cork City,city,Cork,All bedrooms,817.56
2011H1,Cork City,city,Cork,All bedrooms,791.36
2011H2,Cork City,city,Cork,All bedrooms,798.15
2012H1,Cork City,city,Cork,All bedrooms,780.03
2012H2,Cork City,city,Cork,All bedrooms,803.07
2013H1,Cork City,city,Cork,All bedrooms,801.24
2013H2,Cork City,city,Cork,All bedrooms,829.75
2014H1,Cork City,city,Cork,All bedrooms,827.13
2014H2,Cork City,city,Cork,All bedrooms,899.93
2015H1,Cork City,city,Cork,All bedrooms,878.0
2015H2,Cork City,city,Cork,All bedrooms,941.68
2016H1,Cork City,city,Cork,All bedrooms,974.53
2016H2,Cork City,city,Cork,All bedrooms,1043.19
2017H1,Cork City,city,Cork,All bedrooms,1074.09
2017H2,Cork City,city,Cork,All bedrooms,1129.48
2018H1,Cork City,city,Cork,All bedrooms,1149.77
2018H2,Cork City,city,Cork,All bedrooms,1194.52
2019H1,Cork City,city,Cork,All bedrooms,1199.77
2019H2,Cork City,city,Cork,All bedrooms,1242.52
2020H1,Cork City,city,Cork,All bedrooms,1239.48
2020H2,Cork City,city,Cork,All bedrooms,1275.52
2021H1,Cork City,city,Cork,All bedrooms,1271.76
2021H2,Cork City,city,Cork,All bedrooms,1312.03
2022H1,Cork City,city,Cork,All bedrooms,1325.93
2022H2,Cork City,city,Cork,All bedrooms,1390.02
2023H1,Cork City,city,Cork,All bedrooms,1406.74
2023H2,Cork City,city,Cork,All bedrooms,1475.2
2024H1,Cork City,city,Cork,All bedrooms,1499.85
2024H2,Cork City,city,Cork,All bedrooms,1579.22
2025H1,Cork City,city,Cork,All bedrooms,1622.93
2025H2,Cork City,city,Cork,All bedrooms,1720.13
2008H1,Cork City,city,Cork,Four plus bed,1279.74
2008H2,Cork City,city,Cork,Four plus bed,1244.87
2009H1,Cork City,city,Cork,Four plus bed,1149.7
2009H2,Cork City,city,Cork,Four plus bed,1095.49
2010H1,Cork City,city,Cork,Four plus bed,1016.74
2010H2,Cork City,city,Cork,Four plus bed,1031.24
2011H1,Cork City,city,Cork,Four plus bed,991.52
2011H2,Cork City,city,Cork,Four plus bed,1058.39
2012H1,Cork City,city,Cork,Four plus bed,1003.63
2012H2,Cork City,city,Cork,Four plus bed,1068.37
2013H1,Cork City,city,Cork,Four plus bed,1033.51
2013H2,Cork City,city,Cork,Four plus bed,1091.54
2014H1,Cork City,city,Cork,Four plus bed,1065.99
2014H2,Cork City,city,Cork,Four plus bed,1269.11
2015H1,Cork City,city,Cork,Four plus bed,1127.88
2015H2,Cork City,city,Cork,Four plus bed,1237.47
2016H1,Cork City,city,Cork,Four plus bed,1249.3
2016H2,Cork City,city,Cork,Four plus bed,1361.13
2017H1,Cork City,city,Cork,Four plus bed,1363.36
2017H2,Cork City,city,Cork,Four plus bed,1460.95
2018H1,Cork City,city,Cork,Four plus bed,1459.71
2018H2,Cork City,city,Cork,Four plus bed,1557.61
2019H1,Cork City,city,Cork,Four plus bed,1535.4
2019H2,Cork City,city,Cork,Four plus bed,1635.76
2020H1,Cork City,city,Cork,Four plus bed,1586.59
2020H2,Cork City,city,Cork,Four plus bed,1676.01
2021H1,Cork City,city,Cork,Four plus bed,1630.0
2021H2,Cork City,city,Cork,Four plus bed,1740.59
2022H1,Cork City,city,Cork,Four plus bed,1752.29
2022H2,Cork City,city,Cork,Four plus bed,1883.01
2023H1,Cork City,city,Cork,Four plus bed,1906.04
2023H2,Cork City,city,Cork,Four plus bed,2085.2
2024H1,Cork City,city,Cork,Four plus bed,2152.75
2024H2,Cork City,city,Cork,Four plus bed,2324.42
2025H1,Cork City,city,Cork,Four plus bed,2392.71
2025H2,Cork City,city,Cork,Four plus bed,2552.66
2008H1,Cork City,city,Cork,One bed,739.39
2008H2,Cork City,city,Cork,One bed,703.64
2009H1,Cork City,city,Cork,One bed,694.1
2009H2,Cork City,city,Cork,One bed,657.48
2010H1,Cork City,city,Cork,One bed,632.67
2010H2,Cork City,city,Cork,One bed,598.41
2011H1,Cork City,city,Cork,One bed,583.15
2011H2,Cork City,city,Cork,One bed,571.14
2012H1,Cork City,city,Cork,One bed,576.58
2012H2,Cork City,city,Cork,One bed,576.43
2013H1,Cork City,city,Cork,One bed,589.78
2013H2,Cork City,city,Cork,One bed,590.56
2014H1,Cork City,city,Cork,One bed,609.69
2014H2,Cork City,city,Cork,One bed,622.52
2015H1,Cork City,city,Cork,One bed,642.27
2015H2,Cork City,city,Cork,One bed,670.08
2016H1,Cork City,city,Cork,One bed,703.81
2016H2,Cork City,city,Cork,One bed,739.06
2017H1,Cork City,city,Cork,One bed,777.9
2017H2,Cork City,city,Cork,One bed,820.76
2018H1,Cork City,city,Cork,One bed,849.85
2018H2,Cork City,city,Cork,One bed,872.03
2019H1,Cork City,city,Cork,One bed,896.07
2019H2,Cork City,city,Cork,One bed,915.55
2020H1,Cork City,city,Cork,One bed,939.31
2020H2,Cork City,city,Cork,One bed,952.07
2021H1,Cork City,city,Cork,One bed,967.5
2021H2,Cork City,city,Cork,One bed,991.29
2022H1,Cork City,city,Cork,One bed,1005.19
2022H2,Cork City,city,Cork,One bed,1035.1
2023H1,Cork City,city,Cork,One bed,1037.78
2023H2,Cork City,city,Cork,One bed,1075.3
2024H1,Cork City,city,Cork,One bed,1113.15
2024H2,Cork City,city,Cork,One bed,1154.14
2025H1,Cork City,city,Cork,One bed,1200.87
2025H2,Cork City,city,Cork,One bed,1232.4
2008H1,Cork City,city,Cork,Three bed,1057.77
2008H2,Cork City,city,Cork,Three bed,1016.71
2009H1,Cork City,city,Cork,Three bed,968.31
2009H2,Cork City,city,Cork,Three bed,914.08
2010H1,Cork City,city,Cork,Three bed,865.95
2010H2,Cork City,city,Cork,Three bed,849.18
2011H1,Cork City,city,Cork,Three bed,836.26
2011H2,Cork City,city,Cork,Three bed,831.48
2012H1,Cork City,city,Cork,Three bed,827.51
2012H2,Cork City,city,Cork,Three bed,841.76
2013H1,Cork City,city,Cork,Three bed,849.4
2013H2,Cork City,city,Cork,Three bed,883.15
2014H1,Cork City,city,Cork,Three bed,881.68
2014H2,Cork City,city,Cork,Three bed,953.31
2015H1,Cork City,city,Cork,Three bed,939.38
2015H2,Cork City,city,Cork,Three bed,1001.07
2016H1,Cork City,city,Cork,Three bed,1048.44
2016H2,Cork City,city,Cork,Three bed,1102.02
2017H1,Cork City,city,Cork,Three bed,1153.93
2017H2,Cork City,city,Cork,Three bed,1199.12
2018H1,Cork City,city,Cork,Three bed,1245.33
2018H2,Cork City,city,Cork,Three bed,1265.48
2019H1,Cork City,city,Cork,Three bed,1276.75
2019H2,Cork City,city,Cork,Three bed,1297.76
2020H1,Cork City,city,Cork,Three bed,1317.78
2020H2,Cork City,city,Cork,Three bed,1345.33
2021H1,Cork City,city,Cork,Three bed,1359.55
2021H2,Cork City,city,Cork,Three bed,1381.63
2022H1,Cork City,city,Cork,Three bed,1414.33
2022H2,Cork City,city,Cork,Three bed,1449.54
2023H1,Cork City,city,Cork,Three bed,1487.47
2023H2,Cork City,city,Cork,Three bed,1542.63
2024H1,Cork City,city,Cork,Three bed,1585.06
2024H2,Cork City,city,Cork,Three bed,1659.24
2025H1,Cork City,city,Cork,Three bed,1726.31
2025H2,Cork City,city,Cork,Three bed,1823.82
2008H1,Cork City,city,Cork,Two bed,975.47
2008H2,Cork City,city,Cork,Two bed,948.42
2009H1,Cork City,city,Cork,Two bed,904.55
2009H2,Cork City,city,Cork,Two bed,852.11
2010H1,Cork City,city,Cork,Two bed,811.2
2010H2,Cork City,city,Cork,Two bed,784.59
2011H1,Cork City,city,Cork,Two bed,766.4
2011H2,Cork City,city,Cork,Two bed,755.89
2012H1,Cork City,city,Cork,Two bed,759.86
2012H2,Cork City,city,Cork,Two bed,768.26
2013H1,Cork City,city,Cork,Two bed,785.59
2013H2,Cork City,city,Cork,Two bed,798.07
2014H1,Cork City,city,Cork,Two bed,814.33
2014H2,Cork City,city,Cork,Two bed,839.23
2015H1,Cork City,city,Cork,Two bed,865.32
2015H2,Cork City,city,Cork,Two bed,908.87
2016H1,Cork City,city,Cork,Two bed,963.58
2016H2,Cork City,city,Cork,Two bed,1017.67
2017H1,Cork City,city,Cork,Two bed,1073.81
2017H2,Cork City,city,Cork,Two bed,1106.31
2018H1,Cork City,city,Cork,Two bed,1140.95
2018H2,Cork City,city,Cork,Two bed,1169.14
2019H1,Cork City,city,Cork,Two bed,1199.51
2019H2,Cork City,city,Cork,Two bed,1221.9
2020H1,Cork City,city,Cork,Two bed,1234.75
2020H2,Cork City,city,Cork,Two bed,1248.76
2021H1,Cork City,city,Cork,Two bed,1260.76
2021H2,Cork City,city,Cork,Two bed,1284.84
2022H1,Cork City,city,Cork,Two bed,1305.98
2022H2,Cork City,city,Cork,Two bed,1332.23
2023H1,Cork City,city,Cork,Two bed,1371.74
2023H2,Cork City,city,Cork,Two bed,1403.17
2024H1,Cork City,city,Cork,Two bed,1445.47
2024H2,Cork City,city,Cork,Two bed,1487.27
2025H1,Cork City,city,Cork,Two bed,1549.0
2025H2,Cork City,city,Cork,Two bed,1604.52
2008H1,Donegal,county,Donegal,All bedrooms,585.06
2008H2,Donegal,county,Donegal,All bedrooms,572.98
2009H1,Donegal,county,Donegal,All bedrooms,551.01
2009H2,Donegal,county,Donegal,All bedrooms,538.35
2010H1,Donegal,county,Donegal,All bedrooms,522.31
2010H2,Donegal,county,Donegal,All bedrooms,509.53
2011H1,Donegal,county,Donegal,All bedrooms,485.83
2011H2,Donegal,county,Donegal,All bedrooms,476.89
2012H1,Donegal,county,Donegal,All bedrooms,460.56
2012H2,Donegal,county,Donegal,All bedrooms,461.1
2013H1,Donegal,county,Donegal,All bedrooms,446.21
2013H2,Donegal,county,Donegal,All bedrooms,442.28
2014H1,Donegal,county,Donegal,All bedrooms,438.75
2014H2,Donegal,county,Donegal,All bedrooms,440.72
2015H1,Donegal,county,Donegal,All bedrooms,446.58
2015H2,Donegal,county,Donegal,All bedrooms,461.89
2016H1,Donegal,county,Donegal,All bedrooms,474.05
2016H2,Donegal,county,Donegal,All bedrooms,490.87
2017H1,Donegal,county,Donegal,All bedrooms,510.0
2017H2,Donegal,county,Donegal,All bedrooms,529.87
2018H1,Donegal,county,Donegal,All bedrooms,542.69
2018H2,Donegal,county,Donegal,All bedrooms,556.18
2019H1,Donegal,county,Donegal,All bedrooms,561.51
2019H2,Donegal,county,Donegal,All bedrooms,575.97
2020H1,Donegal,county,Donegal,All bedrooms,585.55
2020H2,Donegal,county,Donegal,All bedrooms,594.61
2021H1,Donegal,county,Donegal,All bedrooms,604.14
2021H2,Donegal,county,Donegal,All bedrooms,627.85
2022H1,Donegal,county,Donegal,All bedrooms,671.22
2022H2,Donegal,county,Donegal,All bedrooms,706.02
2023H1,Donegal,county,Donegal,All bedrooms,753.8
2023H2,Donegal,county,Donegal,All bedrooms,813.89
2024H1,Donegal,county,Donegal,All bedrooms,864.24
2024H2,Donegal,county,Donegal,All bedrooms,903.66
2025H1,Donegal,county,Donegal,All bedrooms,953.42
2025H2,Donegal,county,Donegal,All bedrooms,991.53
2008H1,Donegal,county,Donegal,Four plus bed,658.78
2008H2,Donegal,county,Donegal,Four plus bed,646.25
2009H1,Donegal,county,Donegal,Four plus bed,623.52
2009H2,Donegal,county,Donegal,Four plus bed,604.39
2010H1,Donegal,county,Donegal,Four plus bed,590.01
2010H2,Donegal,county,Donegal,Four plus bed,573.68
2011H1,Donegal,county,Donegal,Four plus bed,551.54
2011H2,Donegal,county,Donegal,Four plus bed,542.66
2012H1,Donegal,county,Donegal,Four plus bed,526.07
2012H2,Donegal,county,Donegal,Four plus bed,519.22
2013H1,Donegal,county,Donegal,Four plus bed,513.89
2013H2,Donegal,county,Donegal,Four plus bed,511.82
2014H1,Donegal,county,Donegal,Four plus bed,511.28
2014H2,Donegal,county,Donegal,Four plus bed,513.36
2015H1,Donegal,county,Donegal,Four plus bed,517.84
2015H2,Donegal,county,Donegal,Four plus bed,533.77
2016H1,Donegal,county,Donegal,Four plus bed,542.8
2016H2,Donegal,county,Donegal,Four plus bed,564.61
2017H1,Donegal,county,Donegal,Four plus bed,579.43
2017H2,Donegal,county,Donegal,Four plus bed,605.19
2018H1,Donegal,county,Donegal,Four plus bed,614.82
2018H2,Donegal,county,Donegal,Four plus bed,630.64
2019H1,Donegal,county,Donegal,Four plus bed,645.41
2019H2,Donegal,county,Donegal,Four plus bed,670.1
2020H1,Donegal,county,Donegal,Four plus bed,675.77
2020H2,Donegal,county,Donegal,Four plus bed,683.68
2021H1,Donegal,county,Donegal,Four plus bed,689.05
2021H2,Donegal,county,Donegal,Four plus bed,723.71
2022H1,Donegal,county,Donegal,Four plus bed,774.65
2022H2,Donegal,county,Donegal,Four plus bed,823.9
2023H1,Donegal,county,Donegal,Four plus bed,866.25
2023H2,Donegal,county,Donegal,Four plus bed,942.86
2024H1,Donegal,county,Donegal,Four plus bed,1003.2
2024H2,Donegal,county,Donegal,Four plus bed,1048.33
2025H1,Donegal,county,Donegal,Four plus bed,1103.34
2025H2,Donegal,county,Donegal,Four plus bed,1123.18
2008H1,Donegal,county,Donegal,One bed,442.08
2008H2,Donegal,county,Donegal,One bed,434.12
2009H1,Donegal,county,Donegal,One bed,415.17
2009H2,Donegal,county,Donegal,One bed,390.93
2010H1,Donegal,county,Donegal,One bed,379.13
2010H2,Donegal,county,Donegal,One bed,375.15
2011H1,Donegal,county,Donegal,One bed,361.39
2011H2,Donegal,county,Donegal,One bed,350.78
2012H1,Donegal,county,Donegal,One bed,338.57
2012H2,Donegal,county,Donegal,One bed,336.01
2013H1,Donegal,county,Donegal,One bed,354.14
2013H2,Donegal,county,Donegal,One bed,349.02
2014H1,Donegal,county,Donegal,One bed,352.07
2014H2,Donegal,county,Donegal,One bed,333.58
2015H1,Donegal,county,Donegal,One bed,339.32
2015H2,Donegal,county,Donegal,One bed,350.23
2016H1,Donegal,county,Donegal,One bed,365.4
2016H2,Donegal,county,Donegal,One bed,377.08
2017H1,Donegal,county,Donegal,One bed,396.61
2017H2,Donegal,county,Donegal,One bed,415.64
2018H1,Donegal,county,Donegal,One bed,433.03
2018H2,Donegal,county,Donegal,One bed,436.58
2019H1,Donegal,county,Donegal,One bed,434.75
2019H2,Donegal,county,Donegal,One bed,445.04
2020H1,Donegal,county,Donegal,One bed,460.75
2020H2,Donegal,county,Donegal,One bed,457.29
2021H1,Donegal,county,Donegal,One bed,466.41
2021H2,Donegal,county,Donegal,One bed,469.15
2022H1,Donegal,county,Donegal,One bed,513.73
2022H2,Donegal,county,Donegal,One bed,542.69
2023H1,Donegal,county,Donegal,One bed,565.04
2023H2,Donegal,county,Donegal,One bed,582.13
2024H1,Donegal,county,Donegal,One bed,621.12
2024H2,Donegal,county,Donegal,One bed,669.69
2025H1,Donegal,county,Donegal,One bed,709.24
2025H2,Donegal,county,Donegal,One bed,722.54
2008H1,Donegal,county,Donegal,Three bed,595.65
2008H2,Donegal,county,Donegal,Three bed,587.98
2009H1,Donegal,county,Donegal,Three bed,566.58
2009H2,Donegal,county,Donegal,Three bed,551.89
2010H1,Donegal,county,Donegal,Three bed,531.59
2010H2,Donegal,county,Donegal,Three bed,519.69
2011H1,Donegal,county,Donegal,Three bed,493.69
2011H2,Donegal,county,Donegal,Three bed,488.03
2012H1,Donegal,county,Donegal,Three bed,469.37
2012H2,Donegal,county,Donegal,Three bed,474.54
2013H1,Donegal,county,Donegal,Three bed,448.26
2013H2,Donegal,county,Donegal,Three bed,447.03
2014H1,Donegal,county,Donegal,Three bed,442.32
2014H2,Donegal,county,Donegal,Three bed,447.42
2015H1,Donegal,county,Donegal,Three bed,454.5
2015H2,Donegal,county,Donegal,Three bed,468.54
2016H1,Donegal,county,Donegal,Three bed,482.59
2016H2,Donegal,county,Donegal,Three bed,496.97
2017H1,Donegal,county,Donegal,Three bed,519.56
2017H2,Donegal,county,Donegal,Three bed,535.02
2018H1,Donegal,county,Donegal,Three bed,559.43
2018H2,Donegal,county,Donegal,Three bed,572.71
2019H1,Donegal,county,Donegal,Three bed,579.37
2019H2,Donegal,county,Donegal,Three bed,587.44
2020H1,Donegal,county,Donegal,Three bed,596.4
2020H2,Donegal,county,Donegal,Three bed,605.14
2021H1,Donegal,county,Donegal,Three bed,619.72
2021H2,Donegal,county,Donegal,Three bed,645.47
2022H1,Donegal,county,Donegal,Three bed,692.19
2022H2,Donegal,county,Donegal,Three bed,725.77
2023H1,Donegal,county,Donegal,Three bed,779.11
2023H2,Donegal,county,Donegal,Three bed,838.03
2024H1,Donegal,county,Donegal,Three bed,895.83
2024H2,Donegal,county,Donegal,Three bed,921.43
2025H1,Donegal,county,Donegal,Three bed,976.68
2025H2,Donegal,county,Donegal,Three bed,1030.35
2008H1,Donegal,county,Donegal,Two bed,533.54
2008H2,Donegal,county,Donegal,Two bed,509.52
2009H1,Donegal,county,Donegal,Two bed,491.6
2009H2,Donegal,county,Donegal,Two bed,481.89
2010H1,Donegal,county,Donegal,Two bed,468.78
2010H2,Donegal,county,Donegal,Two bed,457.41
2011H1,Donegal,county,Donegal,Two bed,424.73
2011H2,Donegal,county,Donegal,Two bed,410.13
2012H1,Donegal,county,Donegal,Two bed,394.5
2012H2,Donegal,county,Donegal,Two bed,403.94
2013H1,Donegal,county,Donegal,Two bed,387.32
2013H2,Donegal,county,Donegal,Two bed,386.69
2014H1,Donegal,county,Donegal,Two bed,379.2
2014H2,Donegal,county,Donegal,Two bed,387.35
2015H1,Donegal,county,Donegal,Two bed,387.04
2015H2,Donegal,county,Donegal,Two bed,408.14
2016H1,Donegal,county,Donegal,Two bed,418.69
2016H2,Donegal,county,Donegal,Two bed,439.11
2017H1,Donegal,county,Donegal,Two bed,461.64
2017H2,Donegal,county,Donegal,Two bed,480.05
2018H1,Donegal,county,Donegal,Two bed,482.78
2018H2,Donegal,county,Donegal,Two bed,493.39
2019H1,Donegal,county,Donegal,Two bed,496.15
2019H2,Donegal,county,Donegal,Two bed,514.31
2020H1,Donegal,county,Donegal,Two bed,529.54
2020H2,Donegal,county,Donegal,Two bed,541.96
2021H1,Donegal,county,Donegal,Two bed,555.56
2021H2,Donegal,county,Donegal,Two bed,569.97
2022H1,Donegal,county,Donegal,Two bed,602.93
2022H2,Donegal,county,Donegal,Two bed,626.58
2023H1,Donegal,county,Donegal,Two bed,666.49
2023H2,Donegal,county,Donegal,Two bed,722.12
2024H1,Donegal,county,Donegal,Two bed,770.04
2024H2,Donegal,county,Donegal,Two bed,813.12
2025H1,Donegal,county,Donegal,Two bed,865.68
2025H2,Donegal,county,Donegal,Two bed,906.81
2008H1,Dublin,county,Dublin,All bedrooms,1324.98
2008H2,Dublin,county,Dublin,All bedrooms,1271.11
2009H1,Dublin,county,Dublin,All bedrooms,1202.73
2009H2,Dublin,county,Dublin,All bedrooms,1126.14
2010H1,Dublin,county,Dublin,All bedrooms,1055.17
2010H2,Dublin,county,Dublin,All bedrooms,1022.88
2011H1,Dublin,county,Dublin,All bedrooms,1003.89
2011H2,Dublin,county,Dublin,All bedrooms,1012.69
2012H1,Dublin,county,Dublin,All bedrooms,1015.33
2012H2,Dublin,county,Dublin,All bedrooms,1033.15
2013H1,Dublin,county,Dublin,All bedrooms,1040.75
2013H2,Dublin,county,Dublin,All bedrooms,1082.69
2014H1,Dublin,county,Dublin,All bedrooms,1117.04
2014H2,Dublin,county,Dublin,All bedrooms,1185.43
2015H1,Dublin,county,Dublin,All bedrooms,1229.67
2015H2,Dublin,county,Dublin,All bedrooms,1292.53
2016H1,Dublin,county,Dublin,All bedrooms,1321.68
2016H2,Dublin,county,Dublin,All bedrooms,1387.57
2017H1,Dublin,county,Dublin,All bedrooms,1439.06
2017H2,Dublin,county,Dublin,All bedrooms,1507.44
2018H1,Dublin,county,Dublin,All bedrooms,1567.41
2018H2,Dublin,county,Dublin,All bedrooms,1627.24
2019H1,Dublin,county,Dublin,All bedrooms,1665.94
2019H2,Dublin,county,Dublin,All bedrooms,1702.67
2020H1,Dublin,county,Dublin,All bedrooms,1717.57
2020H2,Dublin,county,Dublin,All bedrooms,1734.1
2021H1,Dublin,county,Dublin,All bedrooms,1739.89
2021H2,Dublin,county,Dublin,All bedrooms,1771.97
2022H1,Dublin,county,Dublin,All bedrooms,1817.26
2022H2,Dublin,county,Dublin,All bedrooms,1867.86
2023H1,Dublin,county,Dublin,All bedrooms,1922.73
2023H2,Dublin,county,Dublin,All bedrooms,1967.84
2024H1,Dublin,county,Dublin,All bedrooms,2030.49
2024H2,Dublin,county,Dublin,All bedrooms,2074.29
2025H1,Dublin,county,Dublin,All bedrooms,2126.07
2025H2,Dublin,county,Dublin,All bedrooms,2161.69
2008H1,Dublin,county,Dublin,Four plus bed,1852.32
2008H2,Dublin,county,Dublin,Four plus bed,1783.84
2009H1,Dublin,county,Dublin,Four plus bed,1688.67
2009H2,Dublin,county,Dublin,Four plus bed,1601.18
2010H1,Dublin,county,Dublin,Four plus bed,1498.48
2010H2,Dublin,county,Dublin,Four plus bed,1484.51
2011H1,Dublin,county,Dublin,Four plus bed,1455.94
2011H2,Dublin,county,Dublin,Four plus bed,1524.49
2012H1,Dublin,county,Dublin,Four plus bed,1527.94
2012H2,Dublin,county,Dublin,Four plus bed,1581.13
2013H1,Dublin,county,Dublin,Four plus bed,1566.61
2013H2,Dublin,county,Dublin,Four plus bed,1683.17
2014H1,Dublin,county,Dublin,Four plus bed,1714.92
2014H2,Dublin,county,Dublin,Four plus bed,1844.94
2015H1,Dublin,county,Dublin,Four plus bed,1872.33
2015H2,Dublin,county,Dublin,Four plus bed,2001.17
2016H1,Dublin,county,Dublin,Four plus bed,1986.73
2016H2,Dublin,county,Dublin,Four plus bed,2095.47
2017H1,Dublin,county,Dublin,Four plus bed,2127.22
2017H2,Dublin,county,Dublin,Four plus bed,2268.77
2018H1,Dublin,county,Dublin,Four plus bed,2330.8
2018H2,Dublin,county,Dublin,Four plus bed,2453.21
2019H1,Dublin,county,Dublin,Four plus bed,2457.0
2019H2,Dublin,county,Dublin,Four plus bed,2525.8
2020H1,Dublin,county,Dublin,Four plus bed,2538.39
2020H2,Dublin,county,Dublin,Four plus bed,2585.15
2021H1,Dublin,county,Dublin,Four plus bed,2587.18
2021H2,Dublin,county,Dublin,Four plus bed,2653.79
2022H1,Dublin,county,Dublin,Four plus bed,2715.99
2022H2,Dublin,county,Dublin,Four plus bed,2771.43
2023H1,Dublin,county,Dublin,Four plus bed,2876.57
2023H2,Dublin,county,Dublin,Four plus bed,2960.65
2024H1,Dublin,county,Dublin,Four plus bed,3068.35
2024H2,Dublin,county,Dublin,Four plus bed,3185.36
2025H1,Dublin,county,Dublin,Four plus bed,3267.14
2025H2,Dublin,county,Dublin,Four plus bed,3333.9
2008H1,Dublin,county,Dublin,One bed,984.97
2008H2,Dublin,county,Dublin,One bed,922.97
2009H1,Dublin,county,Dublin,One bed,879.97
2009H2,Dublin,county,Dublin,One bed,820.79
2010H1,Dublin,county,Dublin,One bed,784.85
2010H2,Dublin,county,Dublin,One bed,751.17
2011H1,Dublin,county,Dublin,One bed,738.07
2011H2,Dublin,county,Dublin,One bed,731.09
2012H1,Dublin,county,Dublin,One bed,736.46
2012H2,Dublin,county,Dublin,One bed,736.77
2013H1,Dublin,county,Dublin,One bed,752.18
2013H2,Dublin,county,Dublin,One bed,770.51
2014H1,Dublin,county,Dublin,One bed,811.26
2014H2,Dublin,county,Dublin,One bed,849.98
2015H1,Dublin,county,Dublin,One bed,895.61
2015H2,Dublin,county,Dublin,One bed,936.62
2016H1,Dublin,county,Dublin,One bed,979.12
2016H2,Dublin,county,Dublin,One bed,1022.18
2017H1,Dublin,county,Dublin,One bed,1073.53
2017H2,Dublin,county,Dublin,One bed,1117.37
2018H1,Dublin,county,Dublin,One bed,1178.66
2018H2,Dublin,county,Dublin,One bed,1212.07
2019H1,Dublin,county,Dublin,One bed,1254.27
2019H2,Dublin,county,Dublin,One bed,1277.8
2020H1,Dublin,county,Dublin,One bed,1311.18
2020H2,Dublin,county,Dublin,One bed,1312.69
2021H1,Dublin,county,Dublin,One bed,1321.86
2021H2,Dublin,county,Dublin,One bed,1337.86
2022H1,Dublin,county,Dublin,One bed,1378.98
2022H2,Dublin,county,Dublin,One bed,1416.63
2023H1,Dublin,county,Dublin,One bed,1475.35
2023H2,Dublin,county,Dublin,One bed,1523.62
2024H1,Dublin,county,Dublin,One bed,1598.28
2024H2,Dublin,county,Dublin,One bed,1643.24
2025H1,Dublin,county,Dublin,One bed,1705.33
2025H2,Dublin,county,Dublin,One bed,1736.9
2008H1,Dublin,county,Dublin,Three bed,1484.22
2008H2,Dublin,county,Dublin,Three bed,1437.45
2009H1,Dublin,county,Dublin,Three bed,1356.67
2009H2,Dublin,county,Dublin,Three bed,1272.49
2010H1,Dublin,county,Dublin,Three bed,1183.41
2010H2,Dublin,county,Dublin,Three bed,1156.37
2011H1,Dublin,county,Dublin,Three bed,1137.93
2011H2,Dublin,county,Dublin,Three bed,1151.21
2012H1,Dublin,county,Dublin,Three bed,1146.84
2012H2,Dublin,county,Dublin,Three bed,1161.63
2013H1,Dublin,county,Dublin,Three bed,1162.93
2013H2,Dublin,county,Dublin,Three bed,1201.45
2014H1,Dublin,county,Dublin,Three bed,1233.88
2014H2,Dublin,county,Dublin,Three bed,1305.92
2015H1,Dublin,county,Dublin,Three bed,1362.18
2015H2,Dublin,county,Dublin,Three bed,1434.84
2016H1,Dublin,county,Dublin,Three bed,1475.95
2016H2,Dublin,county,Dublin,Three bed,1538.34
2017H1,Dublin,county,Dublin,Three bed,1594.77
2017H2,Dublin,county,Dublin,Three bed,1666.99
2018H1,Dublin,county,Dublin,Three bed,1749.29
2018H2,Dublin,county,Dublin,Three bed,1822.34
2019H1,Dublin,county,Dublin,Three bed,1884.3
2019H2,Dublin,county,Dublin,Three bed,1917.02
2020H1,Dublin,county,Dublin,Three bed,1929.26
2020H2,Dublin,county,Dublin,Three bed,1956.25
2021H1,Dublin,county,Dublin,Three bed,1992.81
2021H2,Dublin,county,Dublin,Three bed,2042.88
2022H1,Dublin,county,Dublin,Three bed,2106.78
2022H2,Dublin,county,Dublin,Three bed,2156.92
2023H1,Dublin,county,Dublin,Three bed,2210.25
2023H2,Dublin,county,Dublin,Three bed,2267.28
2024H1,Dublin,county,Dublin,Three bed,2362.69
2024H2,Dublin,county,Dublin,Three bed,2424.94
2025H1,Dublin,county,Dublin,Three bed,2513.45
2025H2,Dublin,county,Dublin,Three bed,2574.83
2008H1,Dublin,county,Dublin,Two bed,1339.72
2008H2,Dublin,county,Dublin,Two bed,1296.08
2009H1,Dublin,county,Dublin,Two bed,1220.66
2009H2,Dublin,county,Dublin,Two bed,1135.18
2010H1,Dublin,county,Dublin,Two bed,1057.05
2010H2,Dublin,county,Dublin,Two bed,1018.95
2011H1,Dublin,county,Dublin,Two bed,1006.61
2011H2,Dublin,county,Dublin,Two bed,1009.51
2012H1,Dublin,county,Dublin,Two bed,1021.36
2012H2,Dublin,county,Dublin,Two bed,1037.28
2013H1,Dublin,county,Dublin,Two bed,1054.6
2013H2,Dublin,county,Dublin,Two bed,1088.27
2014H1,Dublin,county,Dublin,Two bed,1130.41
2014H2,Dublin,county,Dublin,Two bed,1196.3
2015H1,Dublin,county,Dublin,Two bed,1256.66
2015H2,Dublin,county,Dublin,Two bed,1306.62
2016H1,Dublin,county,Dublin,Two bed,1343.79
2016H2,Dublin,county,Dublin,Two bed,1402.42
2017H1,Dublin,county,Dublin,Two bed,1469.97
2017H2,Dublin,county,Dublin,Two bed,1530.8
2018H1,Dublin,county,Dublin,Two bed,1593.11
2018H2,Dublin,county,Dublin,Two bed,1644.09
2019H1,Dublin,county,Dublin,Two bed,1697.96
2019H2,Dublin,county,Dublin,Two bed,1736.46
2020H1,Dublin,county,Dublin,Two bed,1759.25
2020H2,Dublin,county,Dublin,Two bed,1770.75
2021H1,Dublin,county,Dublin,Two bed,1781.13
2021H2,Dublin,county,Dublin,Two bed,1815.74
2022H1,Dublin,county,Dublin,Two bed,1871.32
2022H2,Dublin,county,Dublin,Two bed,1926.26
2023H1,Dublin,county,Dublin,Two bed,1984.12
2023H2,Dublin,county,Dublin,Two bed,2033.6
2024H1,Dublin,county,Dublin,Two bed,2109.44
2024H2,Dublin,county,Dublin,Two bed,2150.47
2025H1,Dublin,county,Dublin,Two bed,2212.19
2025H2,Dublin,county,Dublin,Two bed,2249.11
2008H1,Galway,county,Galway,All bedrooms,850.91
2008H2,Galway,county,Galway,All bedrooms,846.26
2009H1,Galway,county,Galway,All bedrooms,799.14
2009H2,Galway,county,Galway,All bedrooms,778.81
2010H1,Galway,county,Galway,All bedrooms,729.95
2010H2,Galway,county,Galway,All bedrooms,730.29
2011H1,Galway,county,Galway,All bedrooms,704.19
2011H2,Galway,county,Galway,All bedrooms,724.15
2012H1,Galway,county,Galway,All bedrooms,703.04
2012H2,Galway,county,Galway,All bedrooms,730.11
2013H1,Galway,county,Galway,All bedrooms,702.66
2013H2,Galway,county,Galway,All bedrooms,734.9
2014H1,Galway,county,Galway,All bedrooms,717.67
2014H2,Galway,county,Galway,All bedrooms,767.75
2015H1,Galway,county,Galway,All bedrooms,762.74
2015H2,Galway,county,Galway,All bedrooms,824.95
2016H1,Galway,county,Galway,All bedrooms,830.13
2016H2,Galway,county,Galway,All bedrooms,895.72
2017H1,Galway,county,Galway,All bedrooms,899.11
2017H2,Galway,county,Galway,All bedrooms,957.96
2018H1,Galway,county,Galway,All bedrooms,971.5
2018H2,Galway,county,Galway,All bedrooms,1023.06
2019H1,Galway,county,Galway,All bedrooms,1038.41
2019H2,Galway,county,Galway,All bedrooms,1092.4
2020H1,Galway,county,Galway,All bedrooms,1087.16
2020H2,Galway,county,Galway,All bedrooms,1131.32
2021H1,Galway,county,Galway,All bedrooms,1137.08
2021H2,Galway,county,Galway,All bedrooms,1192.5
2022H1,Galway,county,Galway,All bedrooms,1199.52
2022H2,Galway,county,Galway,All bedrooms,1278.15
2023H1,Galway,county,Galway,All bedrooms,1290.66
2023H2,Galway,county,Galway,All bedrooms,1371.31
2024H1,Galway,county,Galway,All bedrooms,1424.96
2024H2,Galway,county,Galway,All bedrooms,1514.78
2025H1,Galway,county,Galway,All bedrooms,1567.41
2025H2,Galway,county,Galway,All bedrooms,1654.13
2008H1,Galway,county,Galway,Four plus bed,956.48
2008H2,Galway,county,Galway,Four plus bed,963.09
2009H1,Galway,county,Galway,Four plus bed,881.86
2009H2,Galway,county,Galway,Four plus bed,879.37
2010H1,Galway,county,Galway,Four plus bed,806.93
2010H2,Galway,county,Galway,Four plus bed,824.67
2011H1,Galway,county,Galway,Four plus bed,781.36
2011H2,Galway,county,Galway,Four plus bed,823.42
2012H1,Galway,county,Galway,Four plus bed,777.11
2012H2,Galway,county,Galway,Four plus bed,832.37
2013H1,Galway,county,Galway,Four plus bed,781.41
2013H2,Galway,county,Galway,Four plus bed,848.14
2014H1,Galway,county,Galway,Four plus bed,803.58
2014H2,Galway,county,Galway,Four plus bed,891.51
2015H1,Galway,county,Galway,Four plus bed,847.61
2015H2,Galway,county,Galway,Four plus bed,958.12
2016H1,Galway,county,Galway,Four plus bed,931.01
2016H2,Galway,county,Galway,Four plus bed,1029.1
2017H1,Galway,county,Galway,Four plus bed,1013.38
2017H2,Galway,county,Galway,Four plus bed,1097.16
2018H1,Galway,county,Galway,Four plus bed,1104.02
2018H2,Galway,county,Galway,Four plus bed,1184.41
2019H1,Galway,county,Galway,Four plus bed,1208.41
2019H2,Galway,county,Galway,Four plus bed,1285.74
2020H1,Galway,county,Galway,Four plus bed,1270.22
2020H2,Galway,county,Galway,Four plus bed,1336.26
2021H1,Galway,county,Galway,Four plus bed,1335.98
2021H2,Galway,county,Galway,Four plus bed,1437.95
2022H1,Galway,county,Galway,Four plus bed,1454.12
2022H2,Galway,county,Galway,Four plus bed,1586.39
2023H1,Galway,county,Galway,Four plus bed,1594.41
2023H2,Galway,county,Galway,Four plus bed,1699.7
2024H1,Galway,county,Galway,Four plus bed,1756.62
2024H2,Galway,county,Galway,Four plus bed,1888.63
2025H1,Galway,county,Galway,Four plus bed,1943.49
2025H2,Galway,county,Galway,Four plus bed,2071.4
2008H1,Galway,county,Galway,One bed,623.14
2008H2,Galway,county,Galway,One bed,597.29
2009H1,Galway,county,Galway,One bed,582.61
2009H2,Galway,county,Galway,One bed,566.2
2010H1,Galway,county,Galway,One bed,556.74
2010H2,Galway,county,Galway,One bed,541.78
2011H1,Galway,county,Galway,One bed,542.58
2011H2,Galway,county,Galway,One bed,539.55
2012H1,Galway,county,Galway,One bed,540.69
2012H2,Galway,county,Galway,One bed,532.35
2013H1,Galway,county,Galway,One bed,535.05
2013H2,Galway,county,Galway,One bed,542.39
2014H1,Galway,county,Galway,One bed,556.1
2014H2,Galway,county,Galway,One bed,572.32
2015H1,Galway,county,Galway,One bed,586.61
2015H2,Galway,county,Galway,One bed,594.42
2016H1,Galway,county,Galway,One bed,603.51
2016H2,Galway,county,Galway,One bed,623.64
2017H1,Galway,county,Galway,One bed,650.12
2017H2,Galway,county,Galway,One bed,684.26
2018H1,Galway,county,Galway,One bed,694.25
2018H2,Galway,county,Galway,One bed,719.25
2019H1,Galway,county,Galway,One bed,748.46
2019H2,Galway,county,Galway,One bed,772.47
2020H1,Galway,county,Galway,One bed,778.39
2020H2,Galway,county,Galway,One bed,799.2
2021H1,Galway,county,Galway,One bed,812.44
2021H2,Galway,county,Galway,One bed,838.74
2022H1,Galway,county,Galway,One bed,845.85
2022H2,Galway,county,Galway,One bed,872.34
2023H1,Galway,county,Galway,One bed,892.0
2023H2,Galway,county,Galway,One bed,948.51
2024H1,Galway,county,Galway,One bed,1001.2
2024H2,Galway,county,Galway,One bed,1032.09
2025H1,Galway,county,Galway,One bed,1071.88
2025H2,Galway,county,Galway,One bed,1101.09
2008H1,Galway,county,Galway,Three bed,871.14
2008H2,Galway,county,Galway,Three bed,871.6
2009H1,Galway,county,Galway,Three bed,822.59
2009H2,Galway,county,Galway,Three bed,790.18
2010H1,Galway,county,Galway,Three bed,734.19
2010H2,Galway,county,Galway,Three bed,730.38
2011H1,Galway,county,Galway,Three bed,702.08
2011H2,Galway,county,Galway,Three bed,719.56
2012H1,Galway,county,Galway,Three bed,703.26
2012H2,Galway,county,Galway,Three bed,728.89
2013H1,Galway,county,Galway,Three bed,701.72
2013H2,Galway,county,Galway,Three bed,727.41
2014H1,Galway,county,Galway,Three bed,718.83
2014H2,Galway,county,Galway,Three bed,752.83
2015H1,Galway,county,Galway,Three bed,763.63
2015H2,Galway,county,Galway,Three bed,817.33
2016H1,Galway,county,Galway,Three bed,832.89
2016H2,Galway,county,Galway,Three bed,904.71
2017H1,Galway,county,Galway,Three bed,909.54
2017H2,Galway,county,Galway,Three bed,971.58
2018H1,Galway,county,Galway,Three bed,976.56
2018H2,Galway,county,Galway,Three bed,1026.67
2019H1,Galway,county,Galway,Three bed,1038.14
2019H2,Galway,county,Galway,Three bed,1092.97
2020H1,Galway,county,Galway,Three bed,1092.45
2020H2,Galway,county,Galway,Three bed,1136.51
2021H1,Galway,county,Galway,Three bed,1146.46
2021H2,Galway,county,Galway,Three bed,1192.6
2022H1,Galway,county,Galway,Three bed,1203.33
2022H2,Galway,county,Galway,Three bed,1272.57
2023H1,Galway,county,Galway,Three bed,1285.44
2023H2,Galway,county,Galway,Three bed,1365.75
2024H1,Galway,county,Galway,Three bed,1428.39
2024H2,Galway,county,Galway,Three bed,1504.52
2025H1,Galway,county,Galway,Three bed,1575.4
2025H2,Galway,county,Galway,Three bed,1654.62
2008H1,Galway,county,Galway,Two bed,817.82
2008H2,Galway,county,Galway,Two bed,794.52
2009H1,Galway,county,Galway,Two bed,765.55
2009H2,Galway,county,Galway,Two bed,735.24
2010H1,Galway,county,Galway,Two bed,701.11
2010H2,Galway,county,Galway,Two bed,690.11
2011H1,Galway,county,Galway,Two bed,680.3
2011H2,Galway,county,Galway,Two bed,683.69
2012H1,Galway,county,Galway,Two bed,678.07
2012H2,Galway,county,Galway,Two bed,687.33
2013H1,Galway,county,Galway,Two bed,680.76
2013H2,Galway,county,Galway,Two bed,694.05
2014H1,Galway,county,Galway,Two bed,689.06
2014H2,Galway,county,Galway,Two bed,723.37
2015H1,Galway,county,Galway,Two bed,739.9
2015H2,Galway,county,Galway,Two bed,776.26
2016H1,Galway,county,Galway,Two bed,811.01
2016H2,Galway,county,Galway,Two bed,850.03
2017H1,Galway,county,Galway,Two bed,868.19
2017H2,Galway,county,Galway,Two bed,902.76
2018H1,Galway,county,Galway,Two bed,941.56
2018H2,Galway,county,Galway,Two bed,969.56
2019H1,Galway,county,Galway,Two bed,989.09
2019H2,Galway,county,Galway,Two bed,1019.39
2020H1,Galway,county,Galway,Two bed,1028.48
2020H2,Galway,county,Galway,Two bed,1059.59
2021H1,Galway,county,Galway,Two bed,1080.19
2021H2,Galway,county,Galway,Two bed,1107.53
2022H1,Galway,county,Galway,Two bed,1114.19
2022H2,Galway,county,Galway,Two bed,1156.84
2023H1,Galway,county,Galway,Two bed,1200.49
2023H2,Galway,county,Galway,Two bed,1259.09
2024H1,Galway,county,Galway,Two bed,1317.08
2024H2,Galway,county,Galway,Two bed,1375.37
2025H1,Galway,county,Galway,Two bed,1444.94
2025H2,Galway,county,Galway,Two bed,1488.92
2008H1,Galway City,city,Galway,All bedrooms,936.27
2008H2,Galway City,city,Galway,All bedrooms,921.65
2009H1,Galway City,city,Galway,All bedrooms,878.86
2009H2,Galway City,city,Galway,All bedrooms,853.74
2010H1,Galway City,city,Galway,All bedrooms,807.53
2010H2,Galway City,city,Galway,All bedrooms,808.43
2011H1,Galway City,city,Galway,All bedrooms,779.92
2011H2,Galway City,city,Galway,All bedrooms,798.23
2012H1,Galway City,city,Galway,All bedrooms,776.48
2012H2,Galway City,city,Galway,All bedrooms,805.79
2013H1,Galway City,city,Galway,All bedrooms,780.35
2013H2,Galway City,city,Galway,All bedrooms,822.07
2014H1,Galway City,city,Galway,All bedrooms,807.31
2014H2,Galway City,city,Galway,All bedrooms,866.39
2015H1,Galway City,city,Galway,All bedrooms,860.03
2015H2,Galway City,city,Galway,All bedrooms,939.39
2016H1,Galway City,city,Galway,All bedrooms,945.99
2016H2,Galway City,city,Galway,All bedrooms,1024.84
2017H1,Galway City,city,Galway,All bedrooms,1026.27
2017H2,Galway City,city,Galway,All bedrooms,1093.06
2018H1,Galway City,city,Galway,All bedrooms,1104.87
2018H2,Galway City,city,Galway,All bedrooms,1169.07
2019H1,Galway City,city,Galway,All bedrooms,1184.42
2019H2,Galway City,city,Galway,All bedrooms,1255.17
2020H1,Galway City,city,Galway,All bedrooms,1237.09
2020H2,Galway City,city,Galway,All bedrooms,1288.0
2021H1,Galway City,city,Galway,All bedrooms,1282.62
2021H2,Galway City,city,Galway,All bedrooms,1352.79
2022H1,Galway City,city,Galway,All bedrooms,1360.39
2022H2,Galway City,city,Galway,All bedrooms,1457.98
2023H1,Galway City,city,Galway,All bedrooms,1467.85
2023H2,Galway City,city,Galway,All bedrooms,1563.91
2024H1,Galway City,city,Galway,All bedrooms,1608.08
2024H2,Galway City,city,Galway,All bedrooms,1722.62
2025H1,Galway City,city,Galway,All bedrooms,1769.19
2025H2,Galway City,city,Galway,All bedrooms,1873.36
2008H1,Galway City,city,Galway,Four plus bed,1092.11
2008H2,Galway City,city,Galway,Four plus bed,1082.92
2009H1,Galway City,city,Galway,Four plus bed,994.03
2009H2,Galway City,city,Galway,Four plus bed,999.42
2010H1,Galway City,city,Galway,Four plus bed,930.54
2010H2,Galway City,city,Galway,Four plus bed,952.99
2011H1,Galway City,city,Galway,Four plus bed,900.9
2011H2,Galway City,city,Galway,Four plus bed,954.46
2012H1,Galway City,city,Galway,Four plus bed,897.05
2012H2,Galway City,city,Galway,Four plus bed,965.37
2013H1,Galway City,city,Galway,Four plus bed,908.32
2013H2,Galway City,city,Galway,Four plus bed,998.47
2014H1,Galway City,city,Galway,Four plus bed,950.53
2014H2,Galway City,city,Galway,Four plus bed,1061.55
2015H1,Galway City,city,Galway,Four plus bed,1004.57
2015H2,Galway City,city,Galway,Four plus bed,1144.45
2016H1,Galway City,city,Galway,Four plus bed,1117.35
2016H2,Galway City,city,Galway,Four plus bed,1226.82
2017H1,Galway City,city,Galway,Four plus bed,1213.52
2017H2,Galway City,city,Galway,Four plus bed,1315.24
2018H1,Galway City,city,Galway,Four plus bed,1331.2
2018H2,Galway City,city,Galway,Four plus bed,1426.84
2019H1,Galway City,city,Galway,Four plus bed,1461.96
2019H2,Galway City,city,Galway,Four plus bed,1562.05
2020H1,Galway City,city,Galway,Four plus bed,1541.78
2020H2,Galway City,city,Galway,Four plus bed,1615.73
2021H1,Galway City,city,Galway,Four plus bed,1594.35
2021H2,Galway City,city,Galway,Four plus bed,1713.94
2022H1,Galway City,city,Galway,Four plus bed,1730.35
2022H2,Galway City,city,Galway,Four plus bed,1872.85
2023H1,Galway City,city,Galway,Four plus bed,1883.67
2023H2,Galway City,city,Galway,Four plus bed,1994.93
2024H1,Galway City,city,Galway,Four plus bed,2026.28
2024H2,Galway City,city,Galway,Four plus bed,2185.9
2025H1,Galway City,city,Galway,Four plus bed,2271.58
2025H2,Galway City,city,Galway,Four plus bed,2442.02
2008H1,Galway City,city,Galway,One bed,668.17
2008H2,Galway City,city,Galway,One bed,643.45
2009H1,Galway City,city,Galway,One bed,631.27
2009H2,Galway City,city,Galway,One bed,612.63
2010H1,Galway City,city,Galway,One bed,599.75
2010H2,Galway City,city,Galway,One bed,587.29
2011H1,Galway City,city,Galway,One bed,588.78
2011H2,Galway City,city,Galway,One bed,581.97
2012H1,Galway City,city,Galway,One bed,573.18
2012H2,Galway City,city,Galway,One bed,566.66
2013H1,Galway City,city,Galway,One bed,571.78
2013H2,Galway City,city,Galway,One bed,586.7
2014H1,Galway City,city,Galway,One bed,605.82
2014H2,Galway City,city,Galway,One bed,621.43
2015H1,Galway City,city,Galway,One bed,636.07
2015H2,Galway City,city,Galway,One bed,649.4
2016H1,Galway City,city,Galway,One bed,668.92
2016H2,Galway City,city,Galway,One bed,695.32
2017H1,Galway City,city,Galway,One bed,724.0
2017H2,Galway City,city,Galway,One bed,753.17
2018H1,Galway City,city,Galway,One bed,758.74
2018H2,Galway City,city,Galway,One bed,791.17
2019H1,Galway City,city,Galway,One bed,825.77
2019H2,Galway City,city,Galway,One bed,862.67
2020H1,Galway City,city,Galway,One bed,866.12
2020H2,Galway City,city,Galway,One bed,888.38
2021H1,Galway City,city,Galway,One bed,901.1
2021H2,Galway City,city,Galway,One bed,928.67
2022H1,Galway City,city,Galway,One bed,936.81
2022H2,Galway City,city,Galway,One bed,970.68
2023H1,Galway City,city,Galway,One bed,987.59
2023H2,Galway City,city,Galway,One bed,1066.82
2024H1,Galway City,city,Galway,One bed,1116.04
2024H2,Galway City,city,Galway,One bed,1147.98
2025H1,Galway City,city,Galway,One bed,1163.67
2025H2,Galway City,city,Galway,One bed,1211.2
2008H1,Galway City,city,Galway,Three bed,972.9
2008H2,Galway City,city,Galway,Three bed,956.08
2009H1,Galway City,city,Galway,Three bed,917.19
2009H2,Galway City,city,Galway,Three bed,874.23
2010H1,Galway City,city,Galway,Three bed,826.11
2010H2,Galway City,city,Galway,Three bed,817.69
2011H1,Galway City,city,Galway,Three bed,795.11
2011H2,Galway City,city,Galway,Three bed,802.57
2012H1,Galway City,city,Galway,Three bed,790.96
2012H2,Galway City,city,Galway,Three bed,813.51
2013H1,Galway City,city,Galway,Three bed,794.98
2013H2,Galway City,city,Galway,Three bed,825.01
2014H1,Galway City,city,Galway,Three bed,830.3
2014H2,Galway City,city,Galway,Three bed,863.25
2015H1,Galway City,city,Galway,Three bed,880.8
2015H2,Galway City,city,Galway,Three bed,944.83
2016H1,Galway City,city,Galway,Three bed,971.14
2016H2,Galway City,city,Galway,Three bed,1053.79
2017H1,Galway City,city,Galway,Three bed,1054.73
2017H2,Galway City,city,Galway,Three bed,1127.28
2018H1,Galway City,city,Galway,Three bed,1132.88
2018H2,Galway City,city,Galway,Three bed,1194.3
2019H1,Galway City,city,Galway,Three bed,1207.78
2019H2,Galway City,city,Galway,Three bed,1274.82
2020H1,Galway City,city,Galway,Three bed,1258.17
2020H2,Galway City,city,Galway,Three bed,1303.22
2021H1,Galway City,city,Galway,Three bed,1312.13
2021H2,Galway City,city,Galway,Three bed,1370.19
2022H1,Galway City,city,Galway,Three bed,1382.58
2022H2,Galway City,city,Galway,Three bed,1458.24
2023H1,Galway City,city,Galway,Three bed,1477.17
2023H2,Galway City,city,Galway,Three bed,1577.09
2024H1,Galway City,city,Galway,Three bed,1656.63
2024H2,Galway City,city,Galway,Three bed,1755.35
2025H1,Galway City,city,Galway,Three bed,1814.38
2025H2,Galway City,city,Galway,Three bed,1911.3
2008H1,Galway City,city,Galway,Two bed,892.44
2008H2,Galway City,city,Galway,Two bed,853.77
2009H1,Galway City,city,Galway,Two bed,837.25
2009H2,Galway City,city,Galway,Two bed,796.99
2010H1,Galway City,city,Galway,Two bed,767.76
2010H2,Galway City,city,Galway,Two bed,753.35
2011H1,Galway City,city,Galway,Two bed,743.25
2011H2,Galway City,city,Galway,Two bed,739.97
2012H1,Galway City,city,Galway,Two bed,741.67
2012H2,Galway City,city,Galway,Two bed,746.75
2013H1,Galway City,city,Galway,Two bed,748.97
2013H2,Galway City,city,Galway,Two bed,764.1
2014H1,Galway City,city,Galway,Two bed,763.56
2014H2,Galway City,city,Galway,Two bed,799.28
2015H1,Galway City,city,Galway,Two bed,820.9
2015H2,Galway City,city,Galway,Two bed,867.35
2016H1,Galway City,city,Galway,Two bed,904.88
2016H2,Galway City,city,Galway,Two bed,955.28
2017H1,Galway City,city,Galway,Two bed,976.07
2017H2,Galway City,city,Galway,Two bed,1012.78
2018H1,Galway City,city,Galway,Two bed,1053.8
2018H2,Galway City,city,Galway,Two bed,1087.41
2019H1,Galway City,city,Galway,Two bed,1110.95
2019H2,Galway City,city,Galway,Two bed,1144.11
2020H1,Galway City,city,Galway,Two bed,1147.57
2020H2,Galway City,city,Galway,Two bed,1178.6
2021H1,Galway City,city,Galway,Two bed,1192.02
2021H2,Galway City,city,Galway,Two bed,1226.78
2022H1,Galway City,city,Galway,Two bed,1239.94
2022H2,Galway City,city,Galway,Two bed,1301.66
2023H1,Galway City,city,Galway,Two bed,1343.05
2023H2,Galway City,city,Galway,Two bed,1409.71
2024H1,Galway City,city,Galway,Two bed,1472.71
2024H2,Galway City,city,Galway,Two bed,1542.61
2025H1,Galway City,city,Galway,Two bed,1618.11
2025H2,Galway City,city,Galway,Two bed,1657.76
2008H1,Kerry,county,Kerry,All bedrooms,695.91
2008H2,Kerry,county,Kerry,All bedrooms,670.06
2009H1,Kerry,county,Kerry,All bedrooms,662.33
2009H2,Kerry,county,Kerry,All bedrooms,623.5
2010H1,Kerry,county,Kerry,All bedrooms,599.5
2010H2,Kerry,county,Kerry,All bedrooms,577.58
2011H1,Kerry,county,Kerry,All bedrooms,563.56
2011H2,Kerry,county,Kerry,All bedrooms,554.37
2012H1,Kerry,county,Kerry,All bedrooms,543.48
2012H2,Kerry,county,Kerry,All bedrooms,542.69
2013H1,Kerry,county,Kerry,All bedrooms,543.77
2013H2,Kerry,county,Kerry,All bedrooms,542.44
2014H1,Kerry,county,Kerry,All bedrooms,550.87
2014H2,Kerry,county,Kerry,All bedrooms,556.9
2015H1,Kerry,county,Kerry,All bedrooms,565.29
2015H2,Kerry,county,Kerry,All bedrooms,586.19
2016H1,Kerry,county,Kerry,All bedrooms,594.78
2016H2,Kerry,county,Kerry,All bedrooms,608.4
2017H1,Kerry,county,Kerry,All bedrooms,629.7
2017H2,Kerry,county,Kerry,All bedrooms,650.34
2018H1,Kerry,county,Kerry,All bedrooms,682.58
2018H2,Kerry,county,Kerry,All bedrooms,698.06
2019H1,Kerry,county,Kerry,All bedrooms,721.43
2019H2,Kerry,county,Kerry,All bedrooms,742.61
2020H1,Kerry,county,Kerry,All bedrooms,762.62
2020H2,Kerry,county,Kerry,All bedrooms,774.67
2021H1,Kerry,county,Kerry,All bedrooms,790.39
2021H2,Kerry,county,Kerry,All bedrooms,813.04
2022H1,Kerry,county,Kerry,All bedrooms,850.57
2022H2,Kerry,county,Kerry,All bedrooms,902.05
2023H1,Kerry,county,Kerry,All bedrooms,932.65
2023H2,Kerry,county,Kerry,All bedrooms,979.25
2024H1,Kerry,county,Kerry,All bedrooms,1033.56
2024H2,Kerry,county,Kerry,All bedrooms,1101.29
2025H1,Kerry,county,Kerry,All bedrooms,1152.08
2025H2,Kerry,county,Kerry,All bedrooms,1200.74
2008H1,Kerry,county,Kerry,Four plus bed,829.97
2008H2,Kerry,county,Kerry,Four plus bed,793.04
2009H1,Kerry,county,Kerry,Four plus bed,760.2
2009H2,Kerry,county,Kerry,Four plus bed,712.15
2010H1,Kerry,county,Kerry,Four plus bed,660.71
2010H2,Kerry,county,Kerry,Four plus bed,636.54
2011H1,Kerry,county,Kerry,Four plus bed,631.29
2011H2,Kerry,county,Kerry,Four plus bed,628.73
2012H1,Kerry,county,Kerry,Four plus bed,625.03
2012H2,Kerry,county,Kerry,Four plus bed,626.86
2013H1,Kerry,county,Kerry,Four plus bed,621.19
2013H2,Kerry,county,Kerry,Four plus bed,616.11
2014H1,Kerry,county,Kerry,Four plus bed,621.55
2014H2,Kerry,county,Kerry,Four plus bed,630.52
2015H1,Kerry,county,Kerry,Four plus bed,642.95
2015H2,Kerry,county,Kerry,Four plus bed,689.46
2016H1,Kerry,county,Kerry,Four plus bed,688.51
2016H2,Kerry,county,Kerry,Four plus bed,697.03
2017H1,Kerry,county,Kerry,Four plus bed,712.5
2017H2,Kerry,county,Kerry,Four plus bed,735.76
2018H1,Kerry,county,Kerry,Four plus bed,768.53
2018H2,Kerry,county,Kerry,Four plus bed,785.79
2019H1,Kerry,county,Kerry,Four plus bed,817.69
2019H2,Kerry,county,Kerry,Four plus bed,837.37
2020H1,Kerry,county,Kerry,Four plus bed,856.72
2020H2,Kerry,county,Kerry,Four plus bed,868.79
2021H1,Kerry,county,Kerry,Four plus bed,901.61
2021H2,Kerry,county,Kerry,Four plus bed,931.99
2022H1,Kerry,county,Kerry,Four plus bed,1000.92
2022H2,Kerry,county,Kerry,Four plus bed,1083.79
2023H1,Kerry,county,Kerry,Four plus bed,1102.73
2023H2,Kerry,county,Kerry,Four plus bed,1176.08
2024H1,Kerry,county,Kerry,Four plus bed,1202.19
2024H2,Kerry,county,Kerry,Four plus bed,1327.57
2025H1,Kerry,county,Kerry,Four plus bed,1369.34
2025H2,Kerry,county,Kerry,Four plus bed,1457.34
2008H1,Kerry,county,Kerry,One bed,544.28
2008H2,Kerry,county,Kerry,One bed,520.38
2009H1,Kerry,county,Kerry,One bed,509.15
2009H2,Kerry,county,Kerry,One bed,486.09
2010H1,Kerry,county,Kerry,One bed,467.89
2010H2,Kerry,county,Kerry,One bed,456.49
2011H1,Kerry,county,Kerry,One bed,433.98
2011H2,Kerry,county,Kerry,One bed,429.41
2012H1,Kerry,county,Kerry,One bed,400.06
2012H2,Kerry,county,Kerry,One bed,404.65
2013H1,Kerry,county,Kerry,One bed,403.29
2013H2,Kerry,county,Kerry,One bed,407.74
2014H1,Kerry,county,Kerry,One bed,408.74
2014H2,Kerry,county,Kerry,One bed,422.86
2015H1,Kerry,county,Kerry,One bed,419.07
2015H2,Kerry,county,Kerry,One bed,435.87
2016H1,Kerry,county,Kerry,One bed,429.6
2016H2,Kerry,county,Kerry,One bed,443.79
2017H1,Kerry,county,Kerry,One bed,467.15
2017H2,Kerry,county,Kerry,One bed,494.88
2018H1,Kerry,county,Kerry,One bed,512.9
2018H2,Kerry,county,Kerry,One bed,526.55
2019H1,Kerry,county,Kerry,One bed,551.08
2019H2,Kerry,county,Kerry,One bed,572.26
2020H1,Kerry,county,Kerry,One bed,590.5
2020H2,Kerry,county,Kerry,One bed,598.42
2021H1,Kerry,county,Kerry,One bed,604.02
2021H2,Kerry,county,Kerry,One bed,613.34
2022H1,Kerry,county,Kerry,One bed,653.5
2022H2,Kerry,county,Kerry,One bed,688.99
2023H1,Kerry,county,Kerry,One bed,699.06
2023H2,Kerry,county,Kerry,One bed,718.56
2024H1,Kerry,county,Kerry,One bed,761.24
2024H2,Kerry,county,Kerry,One bed,792.83
2025H1,Kerry,county,Kerry,One bed,859.86
2025H2,Kerry,county,Kerry,One bed,875.79
2008H1,Kerry,county,Kerry,Three bed,684.47
2008H2,Kerry,county,Kerry,Three bed,661.06
2009H1,Kerry,county,Kerry,Three bed,656.88
2009H2,Kerry,county,Kerry,Three bed,620.59
2010H1,Kerry,county,Kerry,Three bed,606.84
2010H2,Kerry,county,Kerry,Three bed,589.42
2011H1,Kerry,county,Kerry,Three bed,574.82
2011H2,Kerry,county,Kerry,Three bed,565.22
2012H1,Kerry,county,Kerry,Three bed,552.14
2012H2,Kerry,county,Kerry,Three bed,556.07
2013H1,Kerry,county,Kerry,Three bed,555.76
2013H2,Kerry,county,Kerry,Three bed,559.56
2014H1,Kerry,county,Kerry,Three bed,568.62
2014H2,Kerry,county,Kerry,Three bed,572.56
2015H1,Kerry,county,Kerry,Three bed,578.21
2015H2,Kerry,county,Kerry,Three bed,591.65
2016H1,Kerry,county,Kerry,Three bed,603.9
2016H2,Kerry,county,Kerry,Three bed,619.15
2017H1,Kerry,county,Kerry,Three bed,639.87
2017H2,Kerry,county,Kerry,Three bed,659.3
2018H1,Kerry,county,Kerry,Three bed,691.76
2018H2,Kerry,county,Kerry,Three bed,709.75
2019H1,Kerry,county,Kerry,Three bed,740.32
2019H2,Kerry,county,Kerry,Three bed,761.72
2020H1,Kerry,county,Kerry,Three bed,778.65
2020H2,Kerry,county,Kerry,Three bed,791.11
2021H1,Kerry,county,Kerry,Three bed,811.61
2021H2,Kerry,county,Kerry,Three bed,829.78
2022H1,Kerry,county,Kerry,Three bed,858.46
2022H2,Kerry,county,Kerry,Three bed,899.75
2023H1,Kerry,county,Kerry,Three bed,947.5
2023H2,Kerry,county,Kerry,Three bed,991.62
2024H1,Kerry,county,Kerry,Three bed,1059.46
2024H2,Kerry,county,Kerry,Three bed,1119.4
2025H1,Kerry,county,Kerry,Three bed,1167.46
2025H2,Kerry,county,Kerry,Three bed,1213.21
2008H1,Kerry,county,Kerry,Two bed,670.03
2008H2,Kerry,county,Kerry,Two bed,649.56
2009H1,Kerry,county,Kerry,Two bed,643.55
2009H2,Kerry,county,Kerry,Two bed,601.07
2010H1,Kerry,county,Kerry,Two bed,576.67
2010H2,Kerry,county,Kerry,Two bed,546.95
2011H1,Kerry,county,Kerry,Two bed,526.39
2011H2,Kerry,county,Kerry,Two bed,516.56
2012H1,Kerry,county,Kerry,Two bed,505.95
2012H2,Kerry,county,Kerry,Two bed,497.98
2013H1,Kerry,county,Kerry,Two bed,504.81
2013H2,Kerry,county,Kerry,Two bed,505.15
2014H1,Kerry,county,Kerry,Two bed,515.9
2014H2,Kerry,county,Kerry,Two bed,523.85
2015H1,Kerry,county,Kerry,Two bed,541.13
2015H2,Kerry,county,Kerry,Two bed,559.34
2016H1,Kerry,county,Kerry,Two bed,578.0
2016H2,Kerry,county,Kerry,Two bed,591.4
2017H1,Kerry,county,Kerry,Two bed,615.0
2017H2,Kerry,county,Kerry,Two bed,633.44
2018H1,Kerry,county,Kerry,Two bed,677.04
2018H2,Kerry,county,Kerry,Two bed,686.79
2019H1,Kerry,county,Kerry,Two bed,698.17
2019H2,Kerry,county,Kerry,Two bed,717.69
2020H1,Kerry,county,Kerry,Two bed,752.33
2020H2,Kerry,county,Kerry,Two bed,768.29
2021H1,Kerry,county,Kerry,Two bed,778.72
2021H2,Kerry,county,Kerry,Two bed,802.95
2022H1,Kerry,county,Kerry,Two bed,831.69
2022H2,Kerry,county,Kerry,Two bed,874.48
2023H1,Kerry,county,Kerry,Two bed,907.12
2023H2,Kerry,county,Kerry,Two bed,945.51
2024H1,Kerry,county,Kerry,Two bed,1006.41
2024H2,Kerry,county,Kerry,Two bed,1049.51
2025H1,Kerry,county,Kerry,Two bed,1122.63
2025H2,Kerry,county,Kerry,Two bed,1152.65
2008H1,Kildare,county,Kildare,All bedrooms,1032.15
2008H2,Kildare,county,Kildare,All bedrooms,1015.69
2009H1,Kildare,county,Kildare,All bedrooms,959.15
2009H2,Kildare,county,Kildare,All bedrooms,900.88
2010H1,Kildare,county,Kildare,All bedrooms,829.3
2010H2,Kildare,county,Kildare,All bedrooms,807.47
2011H1,Kildare,county,Kildare,All bedrooms,787.99
2011H2,Kildare,county,Kildare,All bedrooms,789.5
2012H1,Kildare,county,Kildare,All bedrooms,775.84
2012H2,Kildare,county,Kildare,All bedrooms,781.57
2013H1,Kildare,county,Kildare,All bedrooms,778.22
2013H2,Kildare,county,Kildare,All bedrooms,795.87
2014H1,Kildare,county,Kildare,All bedrooms,818.51
2014H2,Kildare,county,Kildare,All bedrooms,864.35
2015H1,Kildare,county,Kildare,All bedrooms,905.09
2015H2,Kildare,county,Kildare,All bedrooms,957.72
2016H1,Kildare,county,Kildare,All bedrooms,992.08
2016H2,Kildare,county,Kildare,All bedrooms,1037.33
2017H1,Kildare,county,Kildare,All bedrooms,1077.42
2017H2,Kildare,county,Kildare,All bedrooms,1127.99
2018H1,Kildare,county,Kildare,All bedrooms,1150.28
2018H2,Kildare,county,Kildare,All bedrooms,1183.66
2019H1,Kildare,county,Kildare,All bedrooms,1200.2
2019H2,Kildare,county,Kildare,All bedrooms,1241.08
2020H1,Kildare,county,Kildare,All bedrooms,1277.88
2020H2,Kildare,county,Kildare,All bedrooms,1296.98
2021H1,Kildare,county,Kildare,All bedrooms,1321.63
2021H2,Kildare,county,Kildare,All bedrooms,1335.85
2022H1,Kildare,county,Kildare,All bedrooms,1363.71
2022H2,Kildare,county,Kildare,All bedrooms,1417.66
2023H1,Kildare,county,Kildare,All bedrooms,1443.63
2023H2,Kildare,county,Kildare,All bedrooms,1507.25
2024H1,Kildare,county,Kildare,All bedrooms,1548.01
2024H2,Kildare,county,Kildare,All bedrooms,1609.75
2025H1,Kildare,county,Kildare,All bedrooms,1658.06
2025H2,Kildare,county,Kildare,All bedrooms,1718.92
2008H1,Kildare,county,Kildare,Four plus bed,1273.32
2008H2,Kildare,county,Kildare,Four plus bed,1253.03
2009H1,Kildare,county,Kildare,Four plus bed,1172.45
2009H2,Kildare,county,Kildare,Four plus bed,1100.07
2010H1,Kildare,county,Kildare,Four plus bed,1010.81
2010H2,Kildare,county,Kildare,Four plus bed,994.61
2011H1,Kildare,county,Kildare,Four plus bed,968.3
2011H2,Kildare,county,Kildare,Four plus bed,985.83
2012H1,Kildare,county,Kildare,Four plus bed,967.06
2012H2,Kildare,county,Kildare,Four plus bed,988.95
2013H1,Kildare,county,Kildare,Four plus bed,976.92
2013H2,Kildare,county,Kildare,Four plus bed,1009.62
2014H1,Kildare,county,Kildare,Four plus bed,1054.43
2014H2,Kildare,county,Kildare,Four plus bed,1137.46
2015H1,Kildare,county,Kildare,Four plus bed,1193.91
2015H2,Kildare,county,Kildare,Four plus bed,1274.94
2016H1,Kildare,county,Kildare,Four plus bed,1285.06
2016H2,Kildare,county,Kildare,Four plus bed,1334.25
2017H1,Kildare,county,Kildare,Four plus bed,1371.6
2017H2,Kildare,county,Kildare,Four plus bed,1452.93
2018H1,Kildare,county,Kildare,Four plus bed,1475.98
2018H2,Kildare,county,Kildare,Four plus bed,1525.62
2019H1,Kildare,county,Kildare,Four plus bed,1529.17
2019H2,Kildare,county,Kildare,Four plus bed,1589.86
2020H1,Kildare,county,Kildare,Four plus bed,1605.21
2020H2,Kildare,county,Kildare,Four plus bed,1627.47
2021H1,Kildare,county,Kildare,Four plus bed,1651.52
2021H2,Kildare,county,Kildare,Four plus bed,1688.11
2022H1,Kildare,county,Kildare,Four plus bed,1755.71
2022H2,Kildare,county,Kildare,Four plus bed,1880.56
2023H1,Kildare,county,Kildare,Four plus bed,1911.81
2023H2,Kildare,county,Kildare,Four plus bed,2016.13
2024H1,Kildare,county,Kildare,Four plus bed,2082.25
2024H2,Kildare,county,Kildare,Four plus bed,2173.05
2025H1,Kildare,county,Kildare,Four plus bed,2222.82
2025H2,Kildare,county,Kildare,Four plus bed,2337.52
2008H1,Kildare,county,Kildare,One bed,752.08
2008H2,Kildare,county,Kildare,One bed,726.25
2009H1,Kildare,county,Kildare,One bed,693.71
2009H2,Kildare,county,Kildare,One bed,653.76
2010H1,Kildare,county,Kildare,One bed,626.44
2010H2,Kildare,county,Kildare,One bed,605.59
2011H1,Kildare,county,Kildare,One bed,589.49
2011H2,Kildare,county,Kildare,One bed,570.56
2012H1,Kildare,county,Kildare,One bed,565.79
2012H2,Kildare,county,Kildare,One bed,552.18
2013H1,Kildare,county,Kildare,One bed,555.88
2013H2,Kildare,county,Kildare,One bed,556.28
2014H1,Kildare,county,Kildare,One bed,572.38
2014H2,Kildare,county,Kildare,One bed,588.4
2015H1,Kildare,county,Kildare,One bed,625.44
2015H2,Kildare,county,Kildare,One bed,656.48
2016H1,Kildare,county,Kildare,One bed,695.73
2016H2,Kildare,county,Kildare,One bed,748.87
2017H1,Kildare,county,Kildare,One bed,774.19
2017H2,Kildare,county,Kildare,One bed,818.78
2018H1,Kildare,county,Kildare,One bed,841.82
2018H2,Kildare,county,Kildare,One bed,857.06
2019H1,Kildare,county,Kildare,One bed,869.02
2019H2,Kildare,county,Kildare,One bed,894.4
2020H1,Kildare,county,Kildare,One bed,929.84
2020H2,Kildare,county,Kildare,One bed,936.99
2021H1,Kildare,county,Kildare,One bed,951.87
2021H2,Kildare,county,Kildare,One bed,952.38
2022H1,Kildare,county,Kildare,One bed,983.92
2022H2,Kildare,county,Kildare,One bed,1015.3
2023H1,Kildare,county,Kildare,One bed,1046.58
2023H2,Kildare,county,Kildare,One bed,1090.96
2024H1,Kildare,county,Kildare,One bed,1153.74
2024H2,Kildare,county,Kildare,One bed,1169.64
2025H1,Kildare,county,Kildare,One bed,1196.76
2025H2,Kildare,county,Kildare,One bed,1242.81
2008H1,Kildare,county,Kildare,Three bed,1079.22
2008H2,Kildare,county,Kildare,Three bed,1054.59
2009H1,Kildare,county,Kildare,Three bed,993.28
2009H2,Kildare,county,Kildare,Three bed,933.59
2010H1,Kildare,county,Kildare,Three bed,863.17
2010H2,Kildare,county,Kildare,Three bed,837.42
2011H1,Kildare,county,Kildare,Three bed,818.35
2011H2,Kildare,county,Kildare,Three bed,813.33
2012H1,Kildare,county,Kildare,Three bed,798.88
2012H2,Kildare,county,Kildare,Three bed,799.53
2013H1,Kildare,county,Kildare,Three bed,802.38
2013H2,Kildare,county,Kildare,Three bed,820.21
2014H1,Kildare,county,Kildare,Three bed,840.29
2014H2,Kildare,county,Kildare,Three bed,880.47
2015H1,Kildare,county,Kildare,Three bed,922.64
2015H2,Kildare,county,Kildare,Three bed,973.19
2016H1,Kildare,county,Kildare,Three bed,1012.19
2016H2,Kildare,county,Kildare,Three bed,1053.81
2017H1,Kildare,county,Kildare,Three bed,1112.05
2017H2,Kildare,county,Kildare,Three bed,1153.69
2018H1,Kildare,county,Kildare,Three bed,1186.87
2018H2,Kildare,county,Kildare,Three bed,1214.42
2019H1,Kildare,county,Kildare,Three bed,1259.09
2019H2,Kildare,county,Kildare,Three bed,1301.66
2020H1,Kildare,county,Kildare,Three bed,1353.77
2020H2,Kildare,county,Kildare,Three bed,1365.24
2021H1,Kildare,county,Kildare,Three bed,1400.09
2021H2,Kildare,county,Kildare,Three bed,1398.07
2022H1,Kildare,county,Kildare,Three bed,1437.61
2022H2,Kildare,county,Kildare,Three bed,1494.2
2023H1,Kildare,county,Kildare,Three bed,1543.66
2023H2,Kildare,county,Kildare,Three bed,1613.19
2024H1,Kildare,county,Kildare,Three bed,1643.4
2024H2,Kildare,county,Kildare,Three bed,1718.41
2025H1,Kildare,county,Kildare,Three bed,1811.37
2025H2,Kildare,county,Kildare,Three bed,1876.47
2008H1,Kildare,county,Kildare,Two bed,962.19
2008H2,Kildare,county,Kildare,Two bed,942.5
2009H1,Kildare,county,Kildare,Two bed,890.96
2009H2,Kildare,county,Kildare,Two bed,831.36
2010H1,Kildare,county,Kildare,Two bed,763.78
2010H2,Kildare,county,Kildare,Two bed,734.23
2011H1,Kildare,county,Kildare,Two bed,719.5
2011H2,Kildare,county,Kildare,Two bed,714.99
2012H1,Kildare,county,Kildare,Two bed,708.28
2012H2,Kildare,county,Kildare,Two bed,704.7
2013H1,Kildare,county,Kildare,Two bed,707.46
2013H2,Kildare,county,Kildare,Two bed,719.47
2014H1,Kildare,county,Kildare,Two bed,747.12
2014H2,Kildare,county,Kildare,Two bed,782.68
2015H1,Kildare,county,Kildare,Two bed,828.4
2015H2,Kildare,county,Kildare,Two bed,872.2
2016H1,Kildare,county,Kildare,Two bed,918.45
2016H2,Kildare,county,Kildare,Two bed,962.31
2017H1,Kildare,county,Kildare,Two bed,1000.65
2017H2,Kildare,county,Kildare,Two bed,1037.81
2018H1,Kildare,county,Kildare,Two bed,1074.87
2018H2,Kildare,county,Kildare,Two bed,1099.85
2019H1,Kildare,county,Kildare,Two bed,1123.04
2019H2,Kildare,county,Kildare,Two bed,1150.92
2020H1,Kildare,county,Kildare,Two bed,1182.53
2020H2,Kildare,county,Kildare,Two bed,1201.51
2021H1,Kildare,county,Kildare,Two bed,1235.7
2021H2,Kildare,county,Kildare,Two bed,1268.65
2022H1,Kildare,county,Kildare,Two bed,1290.93
2022H2,Kildare,county,Kildare,Two bed,1316.03
2023H1,Kildare,county,Kildare,Two bed,1335.48
2023H2,Kildare,county,Kildare,Two bed,1392.68
2024H1,Kildare,county,Kildare,Two bed,1437.86
2024H2,Kildare,county,Kildare,Two bed,1485.64
2025H1,Kildare,county,Kildare,Two bed,1528.93
2025H2,Kildare,county,Kildare,Two bed,1576.75
2008H1,Kilkenny,county,Kilkenny,All bedrooms,799.51
2008H2,Kilkenny,county,Kilkenny,All bedrooms,774.75
2009H1,Kilkenny,county,Kilkenny,All bedrooms,737.42
2009H2,Kilkenny,county,Kilkenny,All bedrooms,698.66
2010H1,Kilkenny,county,Kilkenny,All bedrooms,656.96
2010H2,Kilkenny,county,Kilkenny,All bedrooms,632.69
2011H1,Kilkenny,county,Kilkenny,All bedrooms,610.57
2011H2,Kilkenny,county,Kilkenny,All bedrooms,599.31
2012H1,Kilkenny,county,Kilkenny,All bedrooms,600.07
2012H2,Kilkenny,county,Kilkenny,All bedrooms,595.63
2013H1,Kilkenny,county,Kilkenny,All bedrooms,594.5
2013H2,Kilkenny,county,Kilkenny,All bedrooms,595.47
2014H1,Kilkenny,county,Kilkenny,All bedrooms,604.15
2014H2,Kilkenny,county,Kilkenny,All bedrooms,616.17
2015H1,Kilkenny,county,Kilkenny,All bedrooms,635.36
2015H2,Kilkenny,county,Kilkenny,All bedrooms,658.92
2016H1,Kilkenny,county,Kilkenny,All bedrooms,685.75
2016H2,Kilkenny,county,Kilkenny,All bedrooms,713.68
2017H1,Kilkenny,county,Kilkenny,All bedrooms,746.68
2017H2,Kilkenny,county,Kilkenny,All bedrooms,772.7
2018H1,Kilkenny,county,Kilkenny,All bedrooms,811.36
2018H2,Kilkenny,county,Kilkenny,All bedrooms,836.32
2019H1,Kilkenny,county,Kilkenny,All bedrooms,858.16
2019H2,Kilkenny,county,Kilkenny,All bedrooms,870.78
2020H1,Kilkenny,county,Kilkenny,All bedrooms,860.79
2020H2,Kilkenny,county,Kilkenny,All bedrooms,865.82
2021H1,Kilkenny,county,Kilkenny,All bedrooms,861.7
2021H2,Kilkenny,county,Kilkenny,All bedrooms,881.94
2022H1,Kilkenny,county,Kilkenny,All bedrooms,905.38
2022H2,Kilkenny,county,Kilkenny,All bedrooms,936.2
2023H1,Kilkenny,county,Kilkenny,All bedrooms,975.35
2023H2,Kilkenny,county,Kilkenny,All bedrooms,1029.08
2024H1,Kilkenny,county,Kilkenny,All bedrooms,1083.34
2024H2,Kilkenny,county,Kilkenny,All bedrooms,1127.9
2025H1,Kilkenny,county,Kilkenny,All bedrooms,1175.71
2025H2,Kilkenny,county,Kilkenny,All bedrooms,1216.27
2008H1,Kilkenny,county,Kilkenny,Four plus bed,923.07
2008H2,Kilkenny,county,Kilkenny,Four plus bed,882.68
2009H1,Kilkenny,county,Kilkenny,Four plus bed,854.0
2009H2,Kilkenny,county,Kilkenny,Four plus bed,814.4
2010H1,Kilkenny,county,Kilkenny,Four plus bed,775.13
2010H2,Kilkenny,county,Kilkenny,Four plus bed,746.65
2011H1,Kilkenny,county,Kilkenny,Four plus bed,709.78
2011H2,Kilkenny,county,Kilkenny,Four plus bed,699.58
2012H1,Kilkenny,county,Kilkenny,Four plus bed,689.51
2012H2,Kilkenny,county,Kilkenny,Four plus bed,700.14
2013H1,Kilkenny,county,Kilkenny,Four plus bed,692.66
2013H2,Kilkenny,county,Kilkenny,Four plus bed,700.1
2014H1,Kilkenny,county,Kilkenny,Four plus bed,694.86
2014H2,Kilkenny,county,Kilkenny,Four plus bed,717.67
2015H1,Kilkenny,county,Kilkenny,Four plus bed,728.03
2015H2,Kilkenny,county,Kilkenny,Four plus bed,769.89
2016H1,Kilkenny,county,Kilkenny,Four plus bed,799.24
2016H2,Kilkenny,county,Kilkenny,Four plus bed,834.11
2017H1,Kilkenny,county,Kilkenny,Four plus bed,866.74
2017H2,Kilkenny,county,Kilkenny,Four plus bed,905.36
2018H1,Kilkenny,county,Kilkenny,Four plus bed,941.44
2018H2,Kilkenny,county,Kilkenny,Four plus bed,990.0
2019H1,Kilkenny,county,Kilkenny,Four plus bed,1008.52
2019H2,Kilkenny,county,Kilkenny,Four plus bed,1022.35
2020H1,Kilkenny,county,Kilkenny,Four plus bed,1009.06
2020H2,Kilkenny,county,Kilkenny,Four plus bed,1001.55
2021H1,Kilkenny,county,Kilkenny,Four plus bed,1012.78
2021H2,Kilkenny,county,Kilkenny,Four plus bed,1043.08
2022H1,Kilkenny,county,Kilkenny,Four plus bed,1098.27
2022H2,Kilkenny,county,Kilkenny,Four plus bed,1167.5
2023H1,Kilkenny,county,Kilkenny,Four plus bed,1199.29
2023H2,Kilkenny,county,Kilkenny,Four plus bed,1254.19
2024H1,Kilkenny,county,Kilkenny,Four plus bed,1263.78
2024H2,Kilkenny,county,Kilkenny,Four plus bed,1340.43
2025H1,Kilkenny,county,Kilkenny,Four plus bed,1383.26
2025H2,Kilkenny,county,Kilkenny,Four plus bed,1482.6
2008H1,Kilkenny,county,Kilkenny,One bed,598.88
2008H2,Kilkenny,county,Kilkenny,One bed,590.89
2009H1,Kilkenny,county,Kilkenny,One bed,570.73
2009H2,Kilkenny,county,Kilkenny,One bed,540.28
2010H1,Kilkenny,county,Kilkenny,One bed,507.74
2010H2,Kilkenny,county,Kilkenny,One bed,486.13
2011H1,Kilkenny,county,Kilkenny,One bed,471.65
2011H2,Kilkenny,county,Kilkenny,One bed,463.11
2012H1,Kilkenny,county,Kilkenny,One bed,455.68
2012H2,Kilkenny,county,Kilkenny,One bed,449.6
2013H1,Kilkenny,county,Kilkenny,One bed,444.79
2013H2,Kilkenny,county,Kilkenny,One bed,458.49
2014H1,Kilkenny,county,Kilkenny,One bed,473.62
2014H2,Kilkenny,county,Kilkenny,One bed,469.25
2015H1,Kilkenny,county,Kilkenny,One bed,489.74
2015H2,Kilkenny,county,Kilkenny,One bed,500.39
2016H1,Kilkenny,county,Kilkenny,One bed,533.18
2016H2,Kilkenny,county,Kilkenny,One bed,549.1
2017H1,Kilkenny,county,Kilkenny,One bed,565.07
2017H2,Kilkenny,county,Kilkenny,One bed,577.35
2018H1,Kilkenny,county,Kilkenny,One bed,606.1
2018H2,Kilkenny,county,Kilkenny,One bed,603.28
2019H1,Kilkenny,county,Kilkenny,One bed,626.11
2019H2,Kilkenny,county,Kilkenny,One bed,635.66
2020H1,Kilkenny,county,Kilkenny,One bed,636.13
2020H2,Kilkenny,county,Kilkenny,One bed,643.63
2021H1,Kilkenny,county,Kilkenny,One bed,674.55
2021H2,Kilkenny,county,Kilkenny,One bed,707.18
2022H1,Kilkenny,county,Kilkenny,One bed,724.2
2022H2,Kilkenny,county,Kilkenny,One bed,699.82
2023H1,Kilkenny,county,Kilkenny,One bed,702.68
2023H2,Kilkenny,county,Kilkenny,One bed,723.94
2024H1,Kilkenny,county,Kilkenny,One bed,760.14
2024H2,Kilkenny,county,Kilkenny,One bed,766.49
2025H1,Kilkenny,county,Kilkenny,One bed,845.59
2025H2,Kilkenny,county,Kilkenny,One bed,890.86
2008H1,Kilkenny,county,Kilkenny,Three bed,807.57
2008H2,Kilkenny,county,Kilkenny,Three bed,779.84
2009H1,Kilkenny,county,Kilkenny,Three bed,742.79
2009H2,Kilkenny,county,Kilkenny,Three bed,705.23
2010H1,Kilkenny,county,Kilkenny,Three bed,667.96
2010H2,Kilkenny,county,Kilkenny,Three bed,644.96
2011H1,Kilkenny,county,Kilkenny,Three bed,626.05
2011H2,Kilkenny,county,Kilkenny,Three bed,611.9
2012H1,Kilkenny,county,Kilkenny,Three bed,609.05
2012H2,Kilkenny,county,Kilkenny,Three bed,601.44
2013H1,Kilkenny,county,Kilkenny,Three bed,600.75
2013H2,Kilkenny,county,Kilkenny,Three bed,600.07
2014H1,Kilkenny,county,Kilkenny,Three bed,609.59
2014H2,Kilkenny,county,Kilkenny,Three bed,620.99
2015H1,Kilkenny,county,Kilkenny,Three bed,642.98
2015H2,Kilkenny,county,Kilkenny,Three bed,660.77
2016H1,Kilkenny,county,Kilkenny,Three bed,688.99
2016H2,Kilkenny,county,Kilkenny,Three bed,718.93
2017H1,Kilkenny,county,Kilkenny,Three bed,755.93
2017H2,Kilkenny,county,Kilkenny,Three bed,781.94
2018H1,Kilkenny,county,Kilkenny,Three bed,818.76
2018H2,Kilkenny,county,Kilkenny,Three bed,840.62
2019H1,Kilkenny,county,Kilkenny,Three bed,869.18
2019H2,Kilkenny,county,Kilkenny,Three bed,883.04
2020H1,Kilkenny,county,Kilkenny,Three bed,874.12
2020H2,Kilkenny,county,Kilkenny,Three bed,884.21
2021H1,Kilkenny,county,Kilkenny,Three bed,879.33
2021H2,Kilkenny,county,Kilkenny,Three bed,894.05
2022H1,Kilkenny,county,Kilkenny,Three bed,921.65
2022H2,Kilkenny,county,Kilkenny,Three bed,941.19
2023H1,Kilkenny,county,Kilkenny,Three bed,981.8
2023H2,Kilkenny,county,Kilkenny,Three bed,1046.52
2024H1,Kilkenny,county,Kilkenny,Three bed,1112.23
2024H2,Kilkenny,county,Kilkenny,Three bed,1160.29
2025H1,Kilkenny,county,Kilkenny,Three bed,1197.73
2025H2,Kilkenny,county,Kilkenny,Three bed,1231.84
2008H1,Kilkenny,county,Kilkenny,Two bed,772.66
2008H2,Kilkenny,county,Kilkenny,Two bed,749.93
2009H1,Kilkenny,county,Kilkenny,Two bed,705.05
2009H2,Kilkenny,county,Kilkenny,Two bed,658.15
2010H1,Kilkenny,county,Kilkenny,Two bed,610.35
2010H2,Kilkenny,county,Kilkenny,Two bed,585.22
2011H1,Kilkenny,county,Kilkenny,Two bed,561.68
2011H2,Kilkenny,county,Kilkenny,Two bed,547.38
2012H1,Kilkenny,county,Kilkenny,Two bed,557.45
2012H2,Kilkenny,county,Kilkenny,Two bed,553.88
2013H1,Kilkenny,county,Kilkenny,Two bed,556.54
2013H2,Kilkenny,county,Kilkenny,Two bed,552.14
2014H1,Kilkenny,county,Kilkenny,Two bed,566.42
2014H2,Kilkenny,county,Kilkenny,Two bed,581.82
2015H1,Kilkenny,county,Kilkenny,Two bed,598.32
2015H2,Kilkenny,county,Kilkenny,Two bed,622.46
2016H1,Kilkenny,county,Kilkenny,Two bed,639.67
2016H2,Kilkenny,county,Kilkenny,Two bed,668.22
2017H1,Kilkenny,county,Kilkenny,Two bed,703.98
2017H2,Kilkenny,county,Kilkenny,Two bed,729.64
2018H1,Kilkenny,county,Kilkenny,Two bed,761.88
2018H2,Kilkenny,county,Kilkenny,Two bed,779.52
2019H1,Kilkenny,county,Kilkenny,Two bed,784.91
2019H2,Kilkenny,county,Kilkenny,Two bed,793.72
2020H1,Kilkenny,county,Kilkenny,Two bed,779.72
2020H2,Kilkenny,county,Kilkenny,Two bed,789.04
2021H1,Kilkenny,county,Kilkenny,Two bed,787.9
2021H2,Kilkenny,county,Kilkenny,Two bed,809.81
2022H1,Kilkenny,county,Kilkenny,Two bed,794.06
2022H2,Kilkenny,county,Kilkenny,Two bed,823.24
2023H1,Kilkenny,county,Kilkenny,Two bed,877.8
2023H2,Kilkenny,county,Kilkenny,Two bed,903.14
2024H1,Kilkenny,county,Kilkenny,Two bed,998.19
2024H2,Kilkenny,county,Kilkenny,Two bed,1026.82
2025H1,Kilkenny,county,Kilkenny,Two bed,1078.87
2025H2,Kilkenny,county,Kilkenny,Two bed,1101.07
2008H1,Laois,county,Laois,All bedrooms,733.37
2008H2,Laois,county,Laois,All bedrooms,714.08
2009H1,Laois,county,Laois,All bedrooms,677.33
2009H2,Laois,county,Laois,All bedrooms,636.58
2010H1,Laois,county,Laois,All bedrooms,593.34
2010H2,Laois,county,Laois,All bedrooms,562.7
2011H1,Laois,county,Laois,All bedrooms,544.41
2011H2,Laois,county,Laois,All bedrooms,533.46
2012H1,Laois,county,Laois,All bedrooms,530.05
2012H2,Laois,county,Laois,All bedrooms,525.49
2013H1,Laois,county,Laois,All bedrooms,523.37
2013H2,Laois,county,Laois,All bedrooms,524.09
2014H1,Laois,county,Laois,All bedrooms,531.66
2014H2,Laois,county,Laois,All bedrooms,548.53
2015H1,Laois,county,Laois,All bedrooms,572.53
2015H2,Laois,county,Laois,All bedrooms,602.44
2016H1,Laois,county,Laois,All bedrooms,634.68
2016H2,Laois,county,Laois,All bedrooms,668.33
2017H1,Laois,county,Laois,All bedrooms,703.4
2017H2,Laois,county,Laois,All bedrooms,736.99
2018H1,Laois,county,Laois,All bedrooms,769.3
2018H2,Laois,county,Laois,All bedrooms,800.41
2019H1,Laois,county,Laois,All bedrooms,841.77
2019H2,Laois,county,Laois,All bedrooms,863.92
2020H1,Laois,county,Laois,All bedrooms,879.62
2020H2,Laois,county,Laois,All bedrooms,880.55
2021H1,Laois,county,Laois,All bedrooms,888.54
2021H2,Laois,county,Laois,All bedrooms,906.24
2022H1,Laois,county,Laois,All bedrooms,936.81
2022H2,Laois,county,Laois,All bedrooms,949.59
2023H1,Laois,county,Laois,All bedrooms,968.0
2023H2,Laois,county,Laois,All bedrooms,1008.36
2024H1,Laois,county,Laois,All bedrooms,1066.09
2024H2,Laois,county,Laois,All bedrooms,1124.82
2025H1,Laois,county,Laois,All bedrooms,1201.35
2025H2,Laois,county,Laois,All bedrooms,1250.57
2008H1,Laois,county,Laois,Four plus bed,806.75
2008H2,Laois,county,Laois,Four plus bed,811.64
2009H1,Laois,county,Laois,Four plus bed,791.0
2009H2,Laois,county,Laois,Four plus bed,742.72
2010H1,Laois,county,Laois,Four plus bed,672.75
2010H2,Laois,county,Laois,Four plus bed,637.76
2011H1,Laois,county,Laois,Four plus bed,622.49
2011H2,Laois,county,Laois,Four plus bed,613.75
2012H1,Laois,county,Laois,Four plus bed,612.08
2012H2,Laois,county,Laois,Four plus bed,602.58
2013H1,Laois,county,Laois,Four plus bed,598.17
2013H2,Laois,county,Laois,Four plus bed,606.52
2014H1,Laois,county,Laois,Four plus bed,620.1
2014H2,Laois,county,Laois,Four plus bed,646.45
2015H1,Laois,county,Laois,Four plus bed,667.94
2015H2,Laois,county,Laois,Four plus bed,701.67
2016H1,Laois,county,Laois,Four plus bed,739.37
2016H2,Laois,county,Laois,Four plus bed,770.66
2017H1,Laois,county,Laois,Four plus bed,804.6
2017H2,Laois,county,Laois,Four plus bed,856.49
2018H1,Laois,county,Laois,Four plus bed,898.11
2018H2,Laois,county,Laois,Four plus bed,929.38
2019H1,Laois,county,Laois,Four plus bed,974.82
2019H2,Laois,county,Laois,Four plus bed,989.92
2020H1,Laois,county,Laois,Four plus bed,1008.33
2020H2,Laois,county,Laois,Four plus bed,1003.67
2021H1,Laois,county,Laois,Four plus bed,1010.9
2021H2,Laois,county,Laois,Four plus bed,1018.03
2022H1,Laois,county,Laois,Four plus bed,1055.73
2022H2,Laois,county,Laois,Four plus bed,1079.13
2023H1,Laois,county,Laois,Four plus bed,1132.34
2023H2,Laois,county,Laois,Four plus bed,1165.87
2024H1,Laois,county,Laois,Four plus bed,1257.4
2024H2,Laois,county,Laois,Four plus bed,1380.5
2025H1,Laois,county,Laois,Four plus bed,1476.27
2025H2,Laois,county,Laois,Four plus bed,1540.37
2008H1,Laois,county,Laois,One bed,541.35
2008H2,Laois,county,Laois,One bed,516.93
2009H1,Laois,county,Laois,One bed,510.91
2009H2,Laois,county,Laois,One bed,477.02
2010H1,Laois,county,Laois,One bed,463.17
2010H2,Laois,county,Laois,One bed,432.02
2011H1,Laois,county,Laois,One bed,411.91
2011H2,Laois,county,Laois,One bed,386.44
2012H1,Laois,county,Laois,One bed,396.02
2012H2,Laois,county,Laois,One bed,390.26
2013H1,Laois,county,Laois,One bed,392.2
2013H2,Laois,county,Laois,One bed,388.53
2014H1,Laois,county,Laois,One bed,389.78
2014H2,Laois,county,Laois,One bed,402.83
2015H1,Laois,county,Laois,One bed,423.96
2015H2,Laois,county,Laois,One bed,449.83
2016H1,Laois,county,Laois,One bed,474.67
2016H2,Laois,county,Laois,One bed,494.58
2017H1,Laois,county,Laois,One bed,508.21
2017H2,Laois,county,Laois,One bed,516.02
2018H1,Laois,county,Laois,One bed,551.97
2018H2,Laois,county,Laois,One bed,588.21
2019H1,Laois,county,Laois,One bed,616.36
2019H2,Laois,county,Laois,One bed,623.3
2020H1,Laois,county,Laois,One bed,601.94
2020H2,Laois,county,Laois,One bed,615.13
2021H1,Laois,county,Laois,One bed,653.63
2021H2,Laois,county,Laois,One bed,674.61
2022H1,Laois,county,Laois,One bed,676.25
2022H2,Laois,county,Laois,One bed,689.2
2023H1,Laois,county,Laois,One bed,669.12
2023H2,Laois,county,Laois,One bed,716.08
2024H1,Laois,county,Laois,One bed,754.15
2024H2,Laois,county,Laois,One bed,812.14
2025H1,Laois,county,Laois,One bed,950.96
2025H2,Laois,county,Laois,One bed,977.95
2008H1,Laois,county,Laois,Three bed,753.79
2008H2,Laois,county,Laois,Three bed,732.31
2009H1,Laois,county,Laois,Three bed,695.94
2009H2,Laois,county,Laois,Three bed,657.22
2010H1,Laois,county,Laois,Three bed,617.83
2010H2,Laois,county,Laois,Three bed,592.11
2011H1,Laois,county,Laois,Three bed,572.02
2011H2,Laois,county,Laois,Three bed,564.99
2012H1,Laois,county,Laois,Three bed,555.51
2012H2,Laois,county,Laois,Three bed,551.27
2013H1,Laois,county,Laois,Three bed,548.61
2013H2,Laois,county,Laois,Three bed,549.57
2014H1,Laois,county,Laois,Three bed,556.75
2014H2,Laois,county,Laois,Three bed,568.25
2015H1,Laois,county,Laois,Three bed,595.24
2015H2,Laois,county,Laois,Three bed,620.3
2016H1,Laois,county,Laois,Three bed,649.17
2016H2,Laois,county,Laois,Three bed,683.49
2017H1,Laois,county,Laois,Three bed,722.4
2017H2,Laois,county,Laois,Three bed,756.33
2018H1,Laois,county,Laois,Three bed,788.87
2018H2,Laois,county,Laois,Three bed,814.36
2019H1,Laois,county,Laois,Three bed,862.97
2019H2,Laois,county,Laois,Three bed,883.23
2020H1,Laois,county,Laois,Three bed,906.16
2020H2,Laois,county,Laois,Three bed,915.1
2021H1,Laois,county,Laois,Three bed,922.92
2021H2,Laois,county,Laois,Three bed,948.77
2022H1,Laois,county,Laois,Three bed,978.72
2022H2,Laois,county,Laois,Three bed,995.2
2023H1,Laois,county,Laois,Three bed,1014.59
2023H2,Laois,county,Laois,Three bed,1050.09
2024H1,Laois,county,Laois,Three bed,1110.5
2024H2,Laois,county,Laois,Three bed,1170.98
2025H1,Laois,county,Laois,Three bed,1231.25
2025H2,Laois,county,Laois,Three bed,1282.74
2008H1,Laois,county,Laois,Two bed,687.97
2008H2,Laois,county,Laois,Two bed,668.74
2009H1,Laois,county,Laois,Two bed,619.46
2009H2,Laois,county,Laois,Two bed,584.59
2010H1,Laois,county,Laois,Two bed,537.88
2010H2,Laois,county,Laois,Two bed,497.04
2011H1,Laois,county,Laois,Two bed,477.42
2011H2,Laois,county,Laois,Two bed,467.44
2012H1,Laois,county,Laois,Two bed,464.34
2012H2,Laois,county,Laois,Two bed,469.93
2013H1,Laois,county,Laois,Two bed,465.04
2013H2,Laois,county,Laois,Two bed,466.42
2014H1,Laois,county,Laois,Two bed,473.54
2014H2,Laois,county,Laois,Two bed,496.24
2015H1,Laois,county,Laois,Two bed,521.02
2015H2,Laois,county,Laois,Two bed,548.44
2016H1,Laois,county,Laois,Two bed,576.94
2016H2,Laois,county,Laois,Two bed,612.21
2017H1,Laois,county,Laois,Two bed,649.37
2017H2,Laois,county,Laois,Two bed,679.4
2018H1,Laois,county,Laois,Two bed,710.73
2018H2,Laois,county,Laois,Two bed,744.84
2019H1,Laois,county,Laois,Two bed,783.42
2019H2,Laois,county,Laois,Two bed,808.25
2020H1,Laois,county,Laois,Two bed,822.95
2020H2,Laois,county,Laois,Two bed,824.17
2021H1,Laois,county,Laois,Two bed,836.44
2021H2,Laois,county,Laois,Two bed,851.29
2022H1,Laois,county,Laois,Two bed,879.97
2022H2,Laois,county,Laois,Two bed,891.37
2023H1,Laois,county,Laois,Two bed,914.58
2023H2,Laois,county,Laois,Two bed,978.89
2024H1,Laois,county,Laois,Two bed,1029.72
2024H2,Laois,county,Laois,Two bed,1057.94
2025H1,Laois,county,Laois,Two bed,1131.58
2025H2,Laois,county,Laois,Two bed,1182.89
2008H1,Leitrim,county,Leitrim,All bedrooms,551.28
2008H2,Leitrim,county,Leitrim,All bedrooms,540.33
2009H1,Leitrim,county,Leitrim,All bedrooms,511.02
2009H2,Leitrim,county,Leitrim,All bedrooms,485.41
2010H1,Leitrim,county,Leitrim,All bedrooms,455.75
2010H2,Leitrim,county,Leitrim,All bedrooms,440.17
2011H1,Leitrim,county,Leitrim,All bedrooms,422.47
2011H2,Leitrim,county,Leitrim,All bedrooms,414.26
2012H1,Leitrim,county,Leitrim,All bedrooms,404.36
2012H2,Leitrim,county,Leitrim,All bedrooms,399.73
2013H1,Leitrim,county,Leitrim,All bedrooms,397.86
2013H2,Leitrim,county,Leitrim,All bedrooms,400.43
2014H1,Leitrim,county,Leitrim,All bedrooms,408.58
2014H2,Leitrim,county,Leitrim,All bedrooms,413.77
2015H1,Leitrim,county,Leitrim,All bedrooms,426.9
2015H2,Leitrim,county,Leitrim,All bedrooms,438.7
2016H1,Leitrim,county,Leitrim,All bedrooms,453.86
2016H2,Leitrim,county,Leitrim,All bedrooms,468.11
2017H1,Leitrim,county,Leitrim,All bedrooms,484.2
2017H2,Leitrim,county,Leitrim,All bedrooms,496.04
2018H1,Leitrim,county,Leitrim,All bedrooms,520.91
2018H2,Leitrim,county,Leitrim,All bedrooms,531.36
2019H1,Leitrim,county,Leitrim,All bedrooms,549.07
2019H2,Leitrim,county,Leitrim,All bedrooms,560.18
2020H1,Leitrim,county,Leitrim,All bedrooms,575.17
2020H2,Leitrim,county,Leitrim,All bedrooms,582.25
2021H1,Leitrim,county,Leitrim,All bedrooms,598.89
2021H2,Leitrim,county,Leitrim,All bedrooms,620.17
2022H1,Leitrim,county,Leitrim,All bedrooms,679.02
2022H2,Leitrim,county,Leitrim,All bedrooms,724.96
2023H1,Leitrim,county,Leitrim,All bedrooms,757.19
2023H2,Leitrim,county,Leitrim,All bedrooms,788.32
2024H1,Leitrim,county,Leitrim,All bedrooms,850.0
2024H2,Leitrim,county,Leitrim,All bedrooms,916.68
2025H1,Leitrim,county,Leitrim,All bedrooms,978.07
2025H2,Leitrim,county,Leitrim,All bedrooms,1009.75
2008H1,Leitrim,county,Leitrim,Four plus bed,606.47
2008H2,Leitrim,county,Leitrim,Four plus bed,603.5
2009H1,Leitrim,county,Leitrim,Four plus bed,570.05
2009H2,Leitrim,county,Leitrim,Four plus bed,551.96
2010H1,Leitrim,county,Leitrim,Four plus bed,512.97
2010H2,Leitrim,county,Leitrim,Four plus bed,499.28
2011H1,Leitrim,county,Leitrim,Four plus bed,481.92
2011H2,Leitrim,county,Leitrim,Four plus bed,473.85
2012H1,Leitrim,county,Leitrim,Four plus bed,455.21
2012H2,Leitrim,county,Leitrim,Four plus bed,447.21
2013H1,Leitrim,county,Leitrim,Four plus bed,440.64
2013H2,Leitrim,county,Leitrim,Four plus bed,441.73
2014H1,Leitrim,county,Leitrim,Four plus bed,454.97
2014H2,Leitrim,county,Leitrim,Four plus bed,480.18
2015H1,Leitrim,county,Leitrim,Four plus bed,500.93
2015H2,Leitrim,county,Leitrim,Four plus bed,512.03
2016H1,Leitrim,county,Leitrim,Four plus bed,531.79
2016H2,Leitrim,county,Leitrim,Four plus bed,549.92
2017H1,Leitrim,county,Leitrim,Four plus bed,576.6
2017H2,Leitrim,county,Leitrim,Four plus bed,578.51
2018H1,Leitrim,county,Leitrim,Four plus bed,599.12
2018H2,Leitrim,county,Leitrim,Four plus bed,607.74
2019H1,Leitrim,county,Leitrim,Four plus bed,613.2
2019H2,Leitrim,county,Leitrim,Four plus bed,626.21
2020H1,Leitrim,county,Leitrim,Four plus bed,633.12
2020H2,Leitrim,county,Leitrim,Four plus bed,641.57
2021H1,Leitrim,county,Leitrim,Four plus bed,655.58
2021H2,Leitrim,county,Leitrim,Four plus bed,678.13
2022H1,Leitrim,county,Leitrim,Four plus bed,765.24
2022H2,Leitrim,county,Leitrim,Four plus bed,852.95
2023H1,Leitrim,county,Leitrim,Four plus bed,895.51
2023H2,Leitrim,county,Leitrim,Four plus bed,933.73
2024H1,Leitrim,county,Leitrim,Four plus bed,972.2
2024H2,Leitrim,county,Leitrim,Four plus bed,1070.03
2025H1,Leitrim,county,Leitrim,Four plus bed,1158.51
2025H2,Leitrim,county,Leitrim,Four plus bed,1159.99
2008H2,Leitrim,county,Leitrim,One bed,430.41
2009H1,Leitrim,county,Leitrim,One bed,387.5
2009H2,Leitrim,county,Leitrim,One bed,367.02
2010H1,Leitrim,county,Leitrim,One bed,348.25
2010H2,Leitrim,county,Leitrim,One bed,324.72
2011H1,Leitrim,county,Leitrim,One bed,322.71
2011H2,Leitrim,county,Leitrim,One bed,324.05
2012H2,Leitrim,county,Leitrim,One bed,311.62
2013H1,Leitrim,county,Leitrim,One bed,309.95
2013H2,Leitrim,county,Leitrim,One bed,309.11
2014H1,Leitrim,county,Leitrim,One bed,321.39
2014H2,Leitrim,county,Leitrim,One bed,322.16
2015H1,Leitrim,county,Leitrim,One bed,331.61
2015H2,Leitrim,county,Leitrim,One bed,343.33
2016H1,Leitrim,county,Leitrim,One bed,356.13
2016H2,Leitrim,county,Leitrim,One bed,373.66
2017H1,Leitrim,county,Leitrim,One bed,399.31
2017H2,Leitrim,county,Leitrim,One bed,416.64
2018H1,Leitrim,county,Leitrim,One bed,440.32
2018H2,Leitrim,county,Leitrim,One bed,445.4
2019H1,Leitrim,county,Leitrim,One bed,454.21
2019H2,Leitrim,county,Leitrim,One bed,468.41
2020H1,Leitrim,county,Leitrim,One bed,463.29
2020H2,Leitrim,county,Leitrim,One bed,473.76
2021H1,Leitrim,county,Leitrim,One bed,476.71
2021H2,Leitrim,county,Leitrim,One bed,511.55
2022H1,Leitrim,county,Leitrim,One bed,542.9
2022H2,Leitrim,county,Leitrim,One bed,562.08
2023H1,Leitrim,county,Leitrim,One bed,563.04
2023H2,Leitrim,county,Leitrim,One bed,601.49
2024H1,Leitrim,county,Leitrim,One bed,684.78
2024H2,Leitrim,county,Leitrim,One bed,729.89
2008H1,Leitrim,county,Leitrim,Three bed,558.11
2008H2,Leitrim,county,Leitrim,Three bed,546.43
2009H1,Leitrim,county,Leitrim,Three bed,523.82
2009H2,Leitrim,county,Leitrim,Three bed,491.51
2010H1,Leitrim,county,Leitrim,Three bed,459.06
2010H2,Leitrim,county,Leitrim,Three bed,445.04
2011H1,Leitrim,county,Leitrim,Three bed,428.82
2011H2,Leitrim,county,Leitrim,Three bed,412.66
2012H1,Leitrim,county,Leitrim,Three bed,400.19
2012H2,Leitrim,county,Leitrim,Three bed,397.09
2013H1,Leitrim,county,Leitrim,Three bed,398.47
2013H2,Leitrim,county,Leitrim,Three bed,402.42
2014H1,Leitrim,county,Leitrim,Three bed,404.38
2014H2,Leitrim,county,Leitrim,Three bed,405.79
2015H1,Leitrim,county,Leitrim,Three bed,417.95
2015H2,Leitrim,county,Leitrim,Three bed,430.91
2016H1,Leitrim,county,Leitrim,Three bed,449.11
2016H2,Leitrim,county,Leitrim,Three bed,463.55
2017H1,Leitrim,county,Leitrim,Three bed,477.09
2017H2,Leitrim,county,Leitrim,Three bed,487.52
2018H1,Leitrim,county,Leitrim,Three bed,517.41
2018H2,Leitrim,county,Leitrim,Three bed,531.21
2019H1,Leitrim,county,Leitrim,Three bed,552.2
2019H2,Leitrim,county,Leitrim,Three bed,561.89
2020H1,Leitrim,county,Leitrim,Three bed,582.51
2020H2,Leitrim,county,Leitrim,Three bed,587.44
2021H1,Leitrim,county,Leitrim,Three bed,604.27
2021H2,Leitrim,county,Leitrim,Three bed,629.93
2022H1,Leitrim,county,Leitrim,Three bed,681.92
2022H2,Leitrim,county,Leitrim,Three bed,728.18
2023H1,Leitrim,county,Leitrim,Three bed,766.02
2023H2,Leitrim,county,Leitrim,Three bed,796.84
2024H1,Leitrim,county,Leitrim,Three bed,860.08
2024H2,Leitrim,county,Leitrim,Three bed,922.43
2025H1,Leitrim,county,Leitrim,Three bed,965.88
2025H2,Leitrim,county,Leitrim,Three bed,1022.47
2008H1,Leitrim,county,Leitrim,Two bed,521.15
2008H2,Leitrim,county,Leitrim,Two bed,513.57
2009H1,Leitrim,county,Leitrim,Two bed,477.82
2009H2,Leitrim,county,Leitrim,Two bed,454.1
2010H1,Leitrim,county,Leitrim,Two bed,431.62
2010H2,Leitrim,county,Leitrim,Two bed,407.95
2011H1,Leitrim,county,Leitrim,Two bed,380.52
2011H2,Leitrim,county,Leitrim,Two bed,377.5
2012H1,Leitrim,county,Leitrim,Two bed,370.13
2012H2,Leitrim,county,Leitrim,Two bed,369.58
2013H1,Leitrim,county,Leitrim,Two bed,360.12
2013H2,Leitrim,county,Leitrim,Two bed,365.64
2014H1,Leitrim,county,Leitrim,Two bed,378.75
2014H2,Leitrim,county,Leitrim,Two bed,379.71
2015H1,Leitrim,county,Leitrim,Two bed,391.44
2015H2,Leitrim,county,Leitrim,Two bed,402.42
2016H1,Leitrim,county,Leitrim,Two bed,418.15
2016H2,Leitrim,county,Leitrim,Two bed,430.64
2017H1,Leitrim,county,Leitrim,Two bed,452.19
2017H2,Leitrim,county,Leitrim,Two bed,471.79
2018H1,Leitrim,county,Leitrim,Two bed,492.67
2018H2,Leitrim,county,Leitrim,Two bed,496.08
2019H1,Leitrim,county,Leitrim,Two bed,516.1
2019H2,Leitrim,county,Leitrim,Two bed,525.9
2020H1,Leitrim,county,Leitrim,Two bed,552.22
2020H2,Leitrim,county,Leitrim,Two bed,559.7
2021H1,Leitrim,county,Leitrim,Two bed,576.98
2021H2,Leitrim,county,Leitrim,Two bed,596.58
2022H1,Leitrim,county,Leitrim,Two bed,648.84
2022H2,Leitrim,county,Leitrim,Two bed,690.7
2023H1,Leitrim,county,Leitrim,Two bed,709.5
2023H2,Leitrim,county,Leitrim,Two bed,735.5
2024H1,Leitrim,county,Leitrim,Two bed,790.12
2024H2,Leitrim,county,Leitrim,Two bed,844.8
2025H1,Leitrim,county,Leitrim,Two bed,919.8
2025H2,Leitrim,county,Leitrim,Two bed,937.8
2008H1,Limerick,county,Limerick,All bedrooms,787.54
2008H2,Limerick,county,Limerick,All bedrooms,792.55
2009H1,Limerick,county,Limerick,All bedrooms,733.34
2009H2,Limerick,county,Limerick,All bedrooms,729.28
2010H1,Limerick,county,Limerick,All bedrooms,689.63
2010H2,Limerick,county,Limerick,All bedrooms,656.91
2011H1,Limerick,county,Limerick,All bedrooms,634.02
2011H2,Limerick,county,Limerick,All bedrooms,631.22
2012H1,Limerick,county,Limerick,All bedrooms,620.02
2012H2,Limerick,county,Limerick,All bedrooms,633.71
2013H1,Limerick,county,Limerick,All bedrooms,604.27
2013H2,Limerick,county,Limerick,All bedrooms,621.96
2014H1,Limerick,county,Limerick,All bedrooms,614.49
2014H2,Limerick,county,Limerick,All bedrooms,629.73
2015H1,Limerick,county,Limerick,All bedrooms,635.87
2015H2,Limerick,county,Limerick,All bedrooms,671.54
2016H1,Limerick,county,Limerick,All bedrooms,698.51
2016H2,Limerick,county,Limerick,All bedrooms,747.48
2017H1,Limerick,county,Limerick,All bedrooms,779.26
2017H2,Limerick,county,Limerick,All bedrooms,834.19
2018H1,Limerick,county,Limerick,All bedrooms,864.77
2018H2,Limerick,county,Limerick,All bedrooms,924.92
2019H1,Limerick,county,Limerick,All bedrooms,950.54
2019H2,Limerick,county,Limerick,All bedrooms,992.56
2020H1,Limerick,county,Limerick,All bedrooms,992.32
2020H2,Limerick,county,Limerick,All bedrooms,1026.4
2021H1,Limerick,county,Limerick,All bedrooms,1017.25
2021H2,Limerick,county,Limerick,All bedrooms,1074.35
2022H1,Limerick,county,Limerick,All bedrooms,1108.0
2022H2,Limerick,county,Limerick,All bedrooms,1193.06
2023H1,Limerick,county,Limerick,All bedrooms,1185.81
2023H2,Limerick,county,Limerick,All bedrooms,1301.18
2024H1,Limerick,county,Limerick,All bedrooms,1333.81
2024H2,Limerick,county,Limerick,All bedrooms,1454.39
2025H1,Limerick,county,Limerick,All bedrooms,1499.86
2025H2,Limerick,county,Limerick,All bedrooms,1651.21
2008H1,Limerick,county,Limerick,Four plus bed,931.96
2008H2,Limerick,county,Limerick,Four plus bed,972.08
2009H1,Limerick,county,Limerick,Four plus bed,883.36
2009H2,Limerick,county,Limerick,Four plus bed,978.03
2010H1,Limerick,county,Limerick,Four plus bed,900.87
2010H2,Limerick,county,Limerick,Four plus bed,827.57
2011H1,Limerick,county,Limerick,Four plus bed,743.55
2011H2,Limerick,county,Limerick,Four plus bed,786.24
2012H1,Limerick,county,Limerick,Four plus bed,757.16
2012H2,Limerick,county,Limerick,Four plus bed,801.24
2013H1,Limerick,county,Limerick,Four plus bed,734.47
2013H2,Limerick,county,Limerick,Four plus bed,789.19
2014H1,Limerick,county,Limerick,Four plus bed,746.37
2014H2,Limerick,county,Limerick,Four plus bed,803.29
2015H1,Limerick,county,Limerick,Four plus bed,765.69
2015H2,Limerick,county,Limerick,Four plus bed,870.89
2016H1,Limerick,county,Limerick,Four plus bed,876.69
2016H2,Limerick,county,Limerick,Four plus bed,972.89
2017H1,Limerick,county,Limerick,Four plus bed,979.67
2017H2,Limerick,county,Limerick,Four plus bed,1066.66
2018H1,Limerick,county,Limerick,Four plus bed,1066.55
2018H2,Limerick,county,Limerick,Four plus bed,1173.25
2019H1,Limerick,county,Limerick,Four plus bed,1165.44
2019H2,Limerick,county,Limerick,Four plus bed,1229.19
2020H1,Limerick,county,Limerick,Four plus bed,1209.76
2020H2,Limerick,county,Limerick,Four plus bed,1287.43
2021H1,Limerick,county,Limerick,Four plus bed,1237.58
2021H2,Limerick,county,Limerick,Four plus bed,1358.98
2022H1,Limerick,county,Limerick,Four plus bed,1446.29
2022H2,Limerick,county,Limerick,Four plus bed,1628.33
2023H1,Limerick,county,Limerick,Four plus bed,1573.2
2023H2,Limerick,county,Limerick,Four plus bed,1754.42
2024H1,Limerick,county,Limerick,Four plus bed,1776.11
2024H2,Limerick,county,Limerick,Four plus bed,1913.55
2025H1,Limerick,county,Limerick,Four plus bed,1939.32
2025H2,Limerick,county,Limerick,Four plus bed,2128.13
2008H1,Limerick,county,Limerick,One bed,567.29
2008H2,Limerick,county,Limerick,One bed,564.93
2009H1,Limerick,county,Limerick,One bed,547.52
2009H2,Limerick,county,Limerick,One bed,527.71
2010H1,Limerick,county,Limerick,One bed,502.96
2010H2,Limerick,county,Limerick,One bed,482.8
2011H1,Limerick,county,Limerick,One bed,479.26
2011H2,Limerick,county,Limerick,One bed,462.88
2012H1,Limerick,county,Limerick,One bed,449.81
2012H2,Limerick,county,Limerick,One bed,458.84
2013H1,Limerick,county,Limerick,One bed,441.79
2013H2,Limerick,county,Limerick,One bed,444.48
2014H1,Limerick,county,Limerick,One bed,443.82
2014H2,Limerick,county,Limerick,One bed,453.25
2015H1,Limerick,county,Limerick,One bed,458.39
2015H2,Limerick,county,Limerick,One bed,479.08
2016H1,Limerick,county,Limerick,One bed,493.12
2016H2,Limerick,county,Limerick,One bed,515.68
2017H1,Limerick,county,Limerick,One bed,558.33
2017H2,Limerick,county,Limerick,One bed,586.14
2018H1,Limerick,county,Limerick,One bed,615.4
2018H2,Limerick,county,Limerick,One bed,641.29
2019H1,Limerick,county,Limerick,One bed,681.77
2019H2,Limerick,county,Limerick,One bed,697.11
2020H1,Limerick,county,Limerick,One bed,719.69
2020H2,Limerick,county,Limerick,One bed,730.71
2021H1,Limerick,county,Limerick,One bed,752.96
2021H2,Limerick,county,Limerick,One bed,772.55
2022H1,Limerick,county,Limerick,One bed,802.87
2022H2,Limerick,county,Limerick,One bed,818.8
2023H1,Limerick,county,Limerick,One bed,863.67
2023H2,Limerick,county,Limerick,One bed,921.74
2024H1,Limerick,county,Limerick,One bed,1032.68
2024H2,Limerick,county,Limerick,One bed,1087.42
2025H1,Limerick,county,Limerick,One bed,1152.22
2025H2,Limerick,county,Limerick,One bed,1215.6
2008H1,Limerick,county,Limerick,Three bed,795.07
2008H2,Limerick,county,Limerick,Three bed,787.62
2009H1,Limerick,county,Limerick,Three bed,752.52
2009H2,Limerick,county,Limerick,Three bed,717.72
2010H1,Limerick,county,Limerick,Three bed,686.55
2010H2,Limerick,county,Limerick,Three bed,665.27
2011H1,Limerick,county,Limerick,Three bed,662.64
2011H2,Limerick,county,Limerick,Three bed,655.53
2012H1,Limerick,county,Limerick,Three bed,641.05
2012H2,Limerick,county,Limerick,Three bed,638.42
2013H1,Limerick,county,Limerick,Three bed,623.59
2013H2,Limerick,county,Limerick,Three bed,630.51
2014H1,Limerick,county,Limerick,Three bed,633.01
2014H2,Limerick,county,Limerick,Three bed,644.4
2015H1,Limerick,county,Limerick,Three bed,660.23
2015H2,Limerick,county,Limerick,Three bed,685.51
2016H1,Limerick,county,Limerick,Three bed,716.52
2016H2,Limerick,county,Limerick,Three bed,746.37
2017H1,Limerick,county,Limerick,Three bed,785.7
2017H2,Limerick,county,Limerick,Three bed,826.55
2018H1,Limerick,county,Limerick,Three bed,876.91
2018H2,Limerick,county,Limerick,Three bed,912.9
2019H1,Limerick,county,Limerick,Three bed,950.76
2019H2,Limerick,county,Limerick,Three bed,977.15
2020H1,Limerick,county,Limerick,Three bed,990.72
2020H2,Limerick,county,Limerick,Three bed,1001.35
2021H1,Limerick,county,Limerick,Three bed,1021.81
2021H2,Limerick,county,Limerick,Three bed,1056.49
2022H1,Limerick,county,Limerick,Three bed,1105.94
2022H2,Limerick,county,Limerick,Three bed,1154.53
2023H1,Limerick,county,Limerick,Three bed,1190.4
2023H2,Limerick,county,Limerick,Three bed,1293.23
2024H1,Limerick,county,Limerick,Three bed,1314.47
2024H2,Limerick,county,Limerick,Three bed,1390.15
2025H1,Limerick,county,Limerick,Three bed,1489.98
2025H2,Limerick,county,Limerick,Three bed,1587.43
2008H1,Limerick,county,Limerick,Two bed,754.42
2008H2,Limerick,county,Limerick,Two bed,758.33
2009H1,Limerick,county,Limerick,Two bed,692.55
2009H2,Limerick,county,Limerick,Two bed,651.15
2010H1,Limerick,county,Limerick,Two bed,619.48
2010H2,Limerick,county,Limerick,Two bed,587.59
2011H1,Limerick,county,Limerick,Two bed,583.47
2011H2,Limerick,county,Limerick,Two bed,562.68
2012H1,Limerick,county,Limerick,Two bed,568.37
2012H2,Limerick,county,Limerick,Two bed,582.71
2013H1,Limerick,county,Limerick,Two bed,555.17
2013H2,Limerick,county,Limerick,Two bed,559.49
2014H1,Limerick,county,Limerick,Two bed,564.37
2014H2,Limerick,county,Limerick,Two bed,555.13
2015H1,Limerick,county,Limerick,Two bed,591.25
2015H2,Limerick,county,Limerick,Two bed,592.19
2016H1,Limerick,county,Limerick,Two bed,651.85
2016H2,Limerick,county,Limerick,Two bed,666.94
2017H1,Limerick,county,Limerick,Two bed,720.02
2017H2,Limerick,county,Limerick,Two bed,751.16
2018H1,Limerick,county,Limerick,Two bed,802.53
2018H2,Limerick,county,Limerick,Two bed,841.9
2019H1,Limerick,county,Limerick,Two bed,900.4
2019H2,Limerick,county,Limerick,Two bed,924.3
2020H1,Limerick,county,Limerick,Two bed,944.32
2020H2,Limerick,county,Limerick,Two bed,952.84
2021H1,Limerick,county,Limerick,Two bed,975.43
2021H2,Limerick,county,Limerick,Two bed,999.99
2022H1,Limerick,county,Limerick,Two bed,1036.25
2022H2,Limerick,county,Limerick,Two bed,1056.8
2023H1,Limerick,county,Limerick,Two bed,1092.36
2023H2,Limerick,county,Limerick,Two bed,1132.96
2024H1,Limerick,county,Limerick,Two bed,1221.71
2024H2,Limerick,county,Limerick,Two bed,1328.0
2025H1,Limerick,county,Limerick,Two bed,1407.43
2025H2,Limerick,county,Limerick,Two bed,1516.14
2008H1,Limerick City,city,Limerick,All bedrooms,811.76
2008H2,Limerick City,city,Limerick,All bedrooms,818.45
2009H1,Limerick City,city,Limerick,All bedrooms,756.32
2009H2,Limerick City,city,Limerick,All bedrooms,755.32
2010H1,Limerick City,city,Limerick,All bedrooms,713.42
2010H2,Limerick City,city,Limerick,All bedrooms,675.2
2011H1,Limerick City,city,Limerick,All bedrooms,650.72
2011H2,Limerick City,city,Limerick,All bedrooms,644.31
2012H1,Limerick City,city,Limerick,All bedrooms,634.57
2012H2,Limerick City,city,Limerick,All bedrooms,650.35
2013H1,Limerick City,city,Limerick,All bedrooms,620.67
2013H2,Limerick City,city,Limerick,All bedrooms,641.78
2014H1,Limerick City,city,Limerick,All bedrooms,635.09
2014H2,Limerick City,city,Limerick,All bedrooms,649.67
2015H1,Limerick City,city,Limerick,All bedrooms,660.21
2015H2,Limerick City,city,Limerick,All bedrooms,697.22
2016H1,Limerick City,city,Limerick,All bedrooms,730.89
2016H2,Limerick City,city,Limerick,All bedrooms,782.22
2017H1,Limerick City,city,Limerick,All bedrooms,819.91
2017H2,Limerick City,city,Limerick,All bedrooms,881.16
2018H1,Limerick City,city,Limerick,All bedrooms,913.68
2018H2,Limerick City,city,Limerick,All bedrooms,986.23
2019H1,Limerick City,city,Limerick,All bedrooms,1010.45
2019H2,Limerick City,city,Limerick,All bedrooms,1056.13
2020H1,Limerick City,city,Limerick,All bedrooms,1050.43
2020H2,Limerick City,city,Limerick,All bedrooms,1090.34
2021H1,Limerick City,city,Limerick,All bedrooms,1078.51
2021H2,Limerick City,city,Limerick,All bedrooms,1140.02
2022H1,Limerick City,city,Limerick,All bedrooms,1171.14
2022H2,Limerick City,city,Limerick,All bedrooms,1267.72
2023H1,Limerick City,city,Limerick,All bedrooms,1253.22
2023H2,Limerick City,city,Limerick,All bedrooms,1378.8
2024H1,Limerick City,city,Limerick,All bedrooms,1406.63
2024H2,Limerick City,city,Limerick,All bedrooms,1543.38
2025H1,Limerick City,city,Limerick,All bedrooms,1576.98
2025H2,Limerick City,city,Limerick,All bedrooms,1747.4
2008H1,Limerick City,city,Limerick,Four plus bed,967.86
2008H2,Limerick City,city,Limerick,Four plus bed,1007.22
2009H1,Limerick City,city,Limerick,Four plus bed,918.27
2009H2,Limerick City,city,Limerick,Four plus bed,1034.43
2010H1,Limerick City,city,Limerick,Four plus bed,965.68
2010H2,Limerick City,city,Limerick,Four plus bed,868.97
2011H1,Limerick City,city,Limerick,Four plus bed,780.48
2011H2,Limerick City,city,Limerick,Four plus bed,817.12
2012H1,Limerick City,city,Limerick,Four plus bed,792.32
2012H2,Limerick City,city,Limerick,Four plus bed,837.11
2013H1,Limerick City,city,Limerick,Four plus bed,770.25
2013H2,Limerick City,city,Limerick,Four plus bed,831.83
2014H1,Limerick City,city,Limerick,Four plus bed,791.07
2014H2,Limerick City,city,Limerick,Four plus bed,850.34
2015H1,Limerick City,city,Limerick,Four plus bed,813.22
2015H2,Limerick City,city,Limerick,Four plus bed,923.97
2016H1,Limerick City,city,Limerick,Four plus bed,949.01
2016H2,Limerick City,city,Limerick,Four plus bed,1037.71
2017H1,Limerick City,city,Limerick,Four plus bed,1059.05
2017H2,Limerick City,city,Limerick,Four plus bed,1140.9
2018H1,Limerick City,city,Limerick,Four plus bed,1143.95
2018H2,Limerick City,city,Limerick,Four plus bed,1258.26
2019H1,Limerick City,city,Limerick,Four plus bed,1244.84
2019H2,Limerick City,city,Limerick,Four plus bed,1303.74
2020H1,Limerick City,city,Limerick,Four plus bed,1280.53
2020H2,Limerick City,city,Limerick,Four plus bed,1365.58
2021H1,Limerick City,city,Limerick,Four plus bed,1331.63
2021H2,Limerick City,city,Limerick,Four plus bed,1450.62
2022H1,Limerick City,city,Limerick,Four plus bed,1555.35
2022H2,Limerick City,city,Limerick,Four plus bed,1731.42
2023H1,Limerick City,city,Limerick,Four plus bed,1667.55
2023H2,Limerick City,city,Limerick,Four plus bed,1859.34
2024H1,Limerick City,city,Limerick,Four plus bed,1931.17
2024H2,Limerick City,city,Limerick,Four plus bed,2057.01
2025H1,Limerick City,city,Limerick,Four plus bed,2115.72
2025H2,Limerick City,city,Limerick,Four plus bed,2280.51
2008H1,Limerick City,city,Limerick,One bed,580.98
2008H2,Limerick City,city,Limerick,One bed,581.47
2009H1,Limerick City,city,Limerick,One bed,567.22
2009H2,Limerick City,city,Limerick,One bed,546.7
2010H1,Limerick City,city,Limerick,One bed,517.59
2010H2,Limerick City,city,Limerick,One bed,492.81
2011H1,Limerick City,city,Limerick,One bed,483.02
2011H2,Limerick City,city,Limerick,One bed,465.97
2012H1,Limerick City,city,Limerick,One bed,455.24
2012H2,Limerick City,city,Limerick,One bed,465.46
2013H1,Limerick City,city,Limerick,One bed,448.38
2013H2,Limerick City,city,Limerick,One bed,452.94
2014H1,Limerick City,city,Limerick,One bed,453.53
2014H2,Limerick City,city,Limerick,One bed,463.32
2015H1,Limerick City,city,Limerick,One bed,469.59
2015H2,Limerick City,city,Limerick,One bed,490.33
2016H1,Limerick City,city,Limerick,One bed,503.05
2016H2,Limerick City,city,Limerick,One bed,525.46
2017H1,Limerick City,city,Limerick,One bed,572.03
2017H2,Limerick City,city,Limerick,One bed,603.01
2018H1,Limerick City,city,Limerick,One bed,637.9
2018H2,Limerick City,city,Limerick,One bed,672.04
2019H1,Limerick City,city,Limerick,One bed,713.68
2019H2,Limerick City,city,Limerick,One bed,730.36
2020H1,Limerick City,city,Limerick,One bed,747.66
2020H2,Limerick City,city,Limerick,One bed,756.84
2021H1,Limerick City,city,Limerick,One bed,781.75
2021H2,Limerick City,city,Limerick,One bed,804.1
2022H1,Limerick City,city,Limerick,One bed,833.52
2022H2,Limerick City,city,Limerick,One bed,860.47
2023H1,Limerick City,city,Limerick,One bed,914.82
2023H2,Limerick City,city,Limerick,One bed,978.01
2024H1,Limerick City,city,Limerick,One bed,1090.57
2024H2,Limerick City,city,Limerick,One bed,1147.16
2025H1,Limerick City,city,Limerick,One bed,1208.76
2025H2,Limerick City,city,Limerick,One bed,1273.58
2008H1,Limerick City,city,Limerick,Three bed,836.02
2008H2,Limerick City,city,Limerick,Three bed,822.77
2009H1,Limerick City,city,Limerick,Three bed,787.06
2009H2,Limerick City,city,Limerick,Three bed,746.25
2010H1,Limerick City,city,Limerick,Three bed,714.56
2010H2,Limerick City,city,Limerick,Three bed,690.84
2011H1,Limerick City,city,Limerick,Three bed,692.54
2011H2,Limerick City,city,Limerick,Three bed,682.9
2012H1,Limerick City,city,Limerick,Three bed,668.46
2012H2,Limerick City,city,Limerick,Three bed,666.66
2013H1,Limerick City,city,Limerick,Three bed,651.31
2013H2,Limerick City,city,Limerick,Three bed,660.26
2014H1,Limerick City,city,Limerick,Three bed,667.01
2014H2,Limerick City,city,Limerick,Three bed,675.41
2015H1,Limerick City,city,Limerick,Three bed,695.78
2015H2,Limerick City,city,Limerick,Three bed,721.72
2016H1,Limerick City,city,Limerick,Three bed,762.75
2016H2,Limerick City,city,Limerick,Three bed,797.68
2017H1,Limerick City,city,Limerick,Three bed,846.97
2017H2,Limerick City,city,Limerick,Three bed,893.14
2018H1,Limerick City,city,Limerick,Three bed,952.1
2018H2,Limerick City,city,Limerick,Three bed,995.33
2019H1,Limerick City,city,Limerick,Three bed,1039.0
2019H2,Limerick City,city,Limerick,Three bed,1066.36
2020H1,Limerick City,city,Limerick,Three bed,1078.6
2020H2,Limerick City,city,Limerick,Three bed,1090.95
2021H1,Limerick City,city,Limerick,Three bed,1115.34
2021H2,Limerick City,city,Limerick,Three bed,1154.33
2022H1,Limerick City,city,Limerick,Three bed,1204.5
2022H2,Limerick City,city,Limerick,Three bed,1256.71
2023H1,Limerick City,city,Limerick,Three bed,1292.12
2023H2,Limerick City,city,Limerick,Three bed,1403.23
2024H1,Limerick City,city,Limerick,Three bed,1417.05
2024H2,Limerick City,city,Limerick,Three bed,1504.36
2025H1,Limerick City,city,Limerick,Three bed,1605.31
2025H2,Limerick City,city,Limerick,Three bed,1717.9
2008H1,Limerick City,city,Limerick,Two bed,770.96
2008H2,Limerick City,city,Limerick,Two bed,778.16
2009H1,Limerick City,city,Limerick,Two bed,709.38
2009H2,Limerick City,city,Limerick,Two bed,664.94
2010H1,Limerick City,city,Limerick,Two bed,632.77
2010H2,Limerick City,city,Limerick,Two bed,597.86
2011H1,Limerick City,city,Limerick,Two bed,594.15
2011H2,Limerick City,city,Limerick,Two bed,569.05
2012H1,Limerick City,city,Limerick,Two bed,577.91
2012H2,Limerick City,city,Limerick,Two bed,592.92
2013H1,Limerick City,city,Limerick,Two bed,566.94
2013H2,Limerick City,city,Limerick,Two bed,572.04
2014H1,Limerick City,city,Limerick,Two bed,579.31
2014H2,Limerick City,city,Limerick,Two bed,566.57
2015H1,Limerick City,city,Limerick,Two bed,611.94
2015H2,Limerick City,city,Limerick,Two bed,609.38
2016H1,Limerick City,city,Limerick,Two bed,677.25
2016H2,Limerick City,city,Limerick,Two bed,688.03
2017H1,Limerick City,city,Limerick,Two bed,744.51
2017H2,Limerick City,city,Limerick,Two bed,780.17
2018H1,Limerick City,city,Limerick,Two bed,834.52
2018H2,Limerick City,city,Limerick,Two bed,882.08
2019H1,Limerick City,city,Limerick,Two bed,942.62
2019H2,Limerick City,city,Limerick,Two bed,969.49
2020H1,Limerick City,city,Limerick,Two bed,986.55
2020H2,Limerick City,city,Limerick,Two bed,998.74
2021H1,Limerick City,city,Limerick,Two bed,1020.16
2021H2,Limerick City,city,Limerick,Two bed,1043.71
2022H1,Limerick City,city,Limerick,Two bed,1082.15
2022H2,Limerick City,city,Limerick,Two bed,1106.94
2023H1,Limerick City,city,Limerick,Two bed,1147.91
2023H2,Limerick City,city,Limerick,Two bed,1189.81
2024H1,Limerick City,city,Limerick,Two bed,1270.04
2024H2,Limerick City,city,Limerick,Two bed,1384.47
2025H1,Limerick City,city,Limerick,Two bed,1453.62
2025H2,Limerick City,city,Limerick,Two bed,1578.06
2008H1,Longford,county,Longford,All bedrooms,583.59
2008H2,Longford,county,Longford,All bedrooms,564.44
2009H1,Longford,county,Longford,All bedrooms,541.11
2009H2,Longford,county,Longford,All bedrooms,514.45
2010H1,Longford,county,Longford,All bedrooms,482.33
2010H2,Longford,county,Longford,All bedrooms,460.29
2011H1,Longford,county,Longford,All bedrooms,443.26
2011H2,Longford,county,Longford,All bedrooms,432.15
2012H1,Longford,county,Longford,All bedrooms,421.53
2012H2,Longford,county,Longford,All bedrooms,415.31
2013H1,Longford,county,Longford,All bedrooms,406.89
2013H2,Longford,county,Longford,All bedrooms,404.95
2014H1,Longford,county,Longford,All bedrooms,404.59
2014H2,Longford,county,Longford,All bedrooms,415.26
2015H1,Longford,county,Longford,All bedrooms,426.04
2015H2,Longford,county,Longford,All bedrooms,443.04
2016H1,Longford,county,Longford,All bedrooms,459.76
2016H2,Longford,county,Longford,All bedrooms,480.51
2017H1,Longford,county,Longford,All bedrooms,510.69
2017H2,Longford,county,Longford,All bedrooms,533.82
2018H1,Longford,county,Longford,All bedrooms,564.81
2018H2,Longford,county,Longford,All bedrooms,587.46
2019H1,Longford,county,Longford,All bedrooms,613.67
2019H2,Longford,county,Longford,All bedrooms,629.9
2020H1,Longford,county,Longford,All bedrooms,651.24
2020H2,Longford,county,Longford,All bedrooms,658.8
2021H1,Longford,county,Longford,All bedrooms,682.47
2021H2,Longford,county,Longford,All bedrooms,706.43
2022H1,Longford,county,Longford,All bedrooms,737.79
2022H2,Longford,county,Longford,All bedrooms,789.56
2023H1,Longford,county,Longford,All bedrooms,818.9
2023H2,Longford,county,Longford,All bedrooms,877.09
2024H1,Longford,county,Longford,All bedrooms,958.64
2024H2,Longford,county,Longford,All bedrooms,1022.06
2025H1,Longford,county,Longford,All bedrooms,1106.91
2025H2,Longford,county,Longford,All bedrooms,1133.78
2008H1,Longford,county,Longford,Four plus bed,670.84
2008H2,Longford,county,Longford,Four plus bed,646.91
2009H1,Longford,county,Longford,Four plus bed,618.09
2009H2,Longford,county,Longford,Four plus bed,593.05
2010H1,Longford,county,Longford,Four plus bed,559.81
2010H2,Longford,county,Longford,Four plus bed,533.55
2011H1,Longford,county,Longford,Four plus bed,519.14
2011H2,Longford,county,Longford,Four plus bed,508.51
2012H1,Longford,county,Longford,Four plus bed,503.78
2012H2,Longford,county,Longford,Four plus bed,499.93
2013H1,Longford,county,Longford,Four plus bed,486.06
2013H2,Longford,county,Longford,Four plus bed,483.5
2014H1,Longford,county,Longford,Four plus bed,480.49
2014H2,Longford,county,Longford,Four plus bed,491.7
2015H1,Longford,county,Longford,Four plus bed,507.84
2015H2,Longford,county,Longford,Four plus bed,527.16
2016H1,Longford,county,Longford,Four plus bed,545.17
2016H2,Longford,county,Longford,Four plus bed,567.55
2017H1,Longford,county,Longford,Four plus bed,610.75
2017H2,Longford,county,Longford,Four plus bed,632.77
2018H1,Longford,county,Longford,Four plus bed,667.64
2018H2,Longford,county,Longford,Four plus bed,692.5
2019H1,Longford,county,Longford,Four plus bed,729.57
2019H2,Longford,county,Longford,Four plus bed,735.24
2020H1,Longford,county,Longford,Four plus bed,759.35
2020H2,Longford,county,Longford,Four plus bed,766.03
2021H1,Longford,county,Longford,Four plus bed,795.31
2021H2,Longford,county,Longford,Four plus bed,814.27
2022H1,Longford,county,Longford,Four plus bed,845.97
2022H2,Longford,county,Longford,Four plus bed,895.84
2023H1,Longford,county,Longford,Four plus bed,948.18
2023H2,Longford,county,Longford,Four plus bed,1022.99
2024H1,Longford,county,Longford,Four plus bed,1090.19
2024H2,Longford,county,Longford,Four plus bed,1168.2
2025H1,Longford,county,Longford,Four plus bed,1266.49
2025H2,Longford,county,Longford,Four plus bed,1303.55
2008H1,Longford,county,Longford,One bed,448.28
2008H2,Longford,county,Longford,One bed,449.17
2009H1,Longford,county,Longford,One bed,431.03
2009H2,Longford,county,Longford,One bed,406.78
2010H1,Longford,county,Longford,One bed,380.75
2010H2,Longford,county,Longford,One bed,382.63
2011H1,Longford,county,Longford,One bed,375.7
2011H2,Longford,county,Longford,One bed,369.43
2012H1,Longford,county,Longford,One bed,330.83
2012H2,Longford,county,Longford,One bed,317.57
2013H1,Longford,county,Longford,One bed,311.55
2013H2,Longford,county,Longford,One bed,311.88
2014H1,Longford,county,Longford,One bed,297.34
2014H2,Longford,county,Longford,One bed,314.9
2015H1,Longford,county,Longford,One bed,335.64
2015H2,Longford,county,Longford,One bed,341.35
2016H1,Longford,county,Longford,One bed,354.5
2016H2,Longford,county,Longford,One bed,371.81
2017H1,Longford,county,Longford,One bed,404.22
2017H2,Longford,county,Longford,One bed,417.78
2018H1,Longford,county,Longford,One bed,436.85
2018H2,Longford,county,Longford,One bed,450.02
2019H1,Longford,county,Longford,One bed,472.27
2019H2,Longford,county,Longford,One bed,484.28
2020H1,Longford,county,Longford,One bed,505.17
2020H2,Longford,county,Longford,One bed,507.58
2021H1,Longford,county,Longford,One bed,544.74
2021H2,Longford,county,Longford,One bed,550.84
2022H1,Longford,county,Longford,One bed,603.72
2022H2,Longford,county,Longford,One bed,620.54
2023H1,Longford,county,Longford,One bed,625.78
2023H2,Longford,county,Longford,One bed,652.15
2024H1,Longford,county,Longford,One bed,733.44
2024H2,Longford,county,Longford,One bed,793.08
2025H1,Longford,county,Longford,One bed,878.22
2025H2,Longford,county,Longford,One bed,875.02
2008H1,Longford,county,Longford,Three bed,604.93
2008H2,Longford,county,Longford,Three bed,580.12
2009H1,Longford,county,Longford,Three bed,551.99
2009H2,Longford,county,Longford,Three bed,524.72
2010H1,Longford,county,Longford,Three bed,492.43
2010H2,Longford,county,Longford,Three bed,473.3
2011H1,Longford,county,Longford,Three bed,449.68
2011H2,Longford,county,Longford,Three bed,436.54
2012H1,Longford,county,Longford,Three bed,425.5
2012H2,Longford,county,Longford,Three bed,424.38
2013H1,Longford,county,Longford,Three bed,421.0
2013H2,Longford,county,Longford,Three bed,418.56
2014H1,Longford,county,Longford,Three bed,415.37
2014H2,Longford,county,Longford,Three bed,423.69
2015H1,Longford,county,Longford,Three bed,433.84
2015H2,Longford,county,Longford,Three bed,455.14
2016H1,Longford,county,Longford,Three bed,478.04
2016H2,Longford,county,Longford,Three bed,500.93
2017H1,Longford,county,Longford,Three bed,530.57
2017H2,Longford,county,Longford,Three bed,557.82
2018H1,Longford,county,Longford,Three bed,584.65
2018H2,Longford,county,Longford,Three bed,606.14
2019H1,Longford,county,Longford,Three bed,630.02
2019H2,Longford,county,Longford,Three bed,645.96
2020H1,Longford,county,Longford,Three bed,668.48
2020H2,Longford,county,Longford,Three bed,672.16
2021H1,Longford,county,Longford,Three bed,692.39
2021H2,Longford,county,Longford,Three bed,717.76
2022H1,Longford,county,Longford,Three bed,751.19
2022H2,Longford,county,Longford,Three bed,802.83
2023H1,Longford,county,Longford,Three bed,856.47
2023H2,Longford,county,Longford,Three bed,925.16
2024H1,Longford,county,Longford,Three bed,990.25
2024H2,Longford,county,Longford,Three bed,1043.59
2025H1,Longford,county,Longford,Three bed,1168.15
2025H2,Longford,county,Longford,Three bed,1202.19
2008H1,Longford,county,Longford,Two bed,533.39
2008H2,Longford,county,Longford,Two bed,516.48
2009H1,Longford,county,Longford,Two bed,488.13
2009H2,Longford,county,Longford,Two bed,458.19
2010H1,Longford,county,Longford,Two bed,423.15
2010H2,Longford,county,Longford,Two bed,405.24
2011H1,Longford,county,Longford,Two bed,391.73
2011H2,Longford,county,Longford,Two bed,380.68
2012H1,Longford,county,Longford,Two bed,369.96
2012H2,Longford,county,Longford,Two bed,358.26
2013H1,Longford,county,Longford,Two bed,350.51
2013H2,Longford,county,Longford,Two bed,345.05
2014H1,Longford,county,Longford,Two bed,347.07
2014H2,Longford,county,Longford,Two bed,363.62
2015H1,Longford,county,Longford,Two bed,377.57
2015H2,Longford,county,Longford,Two bed,397.39
2016H1,Longford,county,Longford,Two bed,412.33
2016H2,Longford,county,Longford,Two bed,435.66
2017H1,Longford,county,Longford,Two bed,459.8
2017H2,Longford,county,Longford,Two bed,481.79
2018H1,Longford,county,Longford,Two bed,514.81
2018H2,Longford,county,Longford,Two bed,547.24
2019H1,Longford,county,Longford,Two bed,572.22
2019H2,Longford,county,Longford,Two bed,591.19
2020H1,Longford,county,Longford,Two bed,605.41
2020H2,Longford,county,Longford,Two bed,621.52
2021H1,Longford,county,Longford,Two bed,652.68
2021H2,Longford,county,Longford,Two bed,679.85
2022H1,Longford,county,Longford,Two bed,706.74
2022H2,Longford,county,Longford,Two bed,783.53
2023H1,Longford,county,Longford,Two bed,779.19
2023H2,Longford,county,Longford,Two bed,822.77
2024H1,Longford,county,Longford,Two bed,936.12
2024H2,Longford,county,Longford,Two bed,1006.94
2025H1,Longford,county,Longford,Two bed,1049.86
2025H2,Longford,county,Longford,Two bed,1073.48
2008H1,Louth,county,Louth,All bedrooms,846.48
2008H2,Louth,county,Louth,All bedrooms,825.5
2009H1,Louth,county,Louth,All bedrooms,773.76
2009H2,Louth,county,Louth,All bedrooms,728.65
2010H1,Louth,county,Louth,All bedrooms,673.65
2010H2,Louth,county,Louth,All bedrooms,655.25
2011H1,Louth,county,Louth,All bedrooms,635.12
2011H2,Louth,county,Louth,All bedrooms,638.17
2012H1,Louth,county,Louth,All bedrooms,626.31
2012H2,Louth,county,Louth,All bedrooms,630.02
2013H1,Louth,county,Louth,All bedrooms,620.42
2013H2,Louth,county,Louth,All bedrooms,632.01
2014H1,Louth,county,Louth,All bedrooms,638.83
2014H2,Louth,county,Louth,All bedrooms,658.79
2015H1,Louth,county,Louth,All bedrooms,682.8
2015H2,Louth,county,Louth,All bedrooms,715.75
2016H1,Louth,county,Louth,All bedrooms,752.11
2016H2,Louth,county,Louth,All bedrooms,786.29
2017H1,Louth,county,Louth,All bedrooms,842.89
2017H2,Louth,county,Louth,All bedrooms,894.04
2018H1,Louth,county,Louth,All bedrooms,947.72
2018H2,Louth,county,Louth,All bedrooms,984.4
2019H1,Louth,county,Louth,All bedrooms,1016.45
2019H2,Louth,county,Louth,All bedrooms,1037.77
2020H1,Louth,county,Louth,All bedrooms,1062.85
2020H2,Louth,county,Louth,All bedrooms,1078.76
2021H1,Louth,county,Louth,All bedrooms,1098.75
2021H2,Louth,county,Louth,All bedrooms,1119.53
2022H1,Louth,county,Louth,All bedrooms,1149.62
2022H2,Louth,county,Louth,All bedrooms,1168.83
2023H1,Louth,county,Louth,All bedrooms,1195.48
2023H2,Louth,county,Louth,All bedrooms,1234.76
2024H1,Louth,county,Louth,All bedrooms,1282.7
2024H2,Louth,county,Louth,All bedrooms,1327.55
2025H1,Louth,county,Louth,All bedrooms,1404.53
2025H2,Louth,county,Louth,All bedrooms,1446.26
2008H1,Louth,county,Louth,Four plus bed,1043.76
2008H2,Louth,county,Louth,Four plus bed,1015.55
2009H1,Louth,county,Louth,Four plus bed,943.63
2009H2,Louth,county,Louth,Four plus bed,895.25
2010H1,Louth,county,Louth,Four plus bed,817.92
2010H2,Louth,county,Louth,Four plus bed,815.67
2011H1,Louth,county,Louth,Four plus bed,768.71
2011H2,Louth,county,Louth,Four plus bed,787.85
2012H1,Louth,county,Louth,Four plus bed,751.72
2012H2,Louth,county,Louth,Four plus bed,776.71
2013H1,Louth,county,Louth,Four plus bed,747.88
2013H2,Louth,county,Louth,Four plus bed,785.05
2014H1,Louth,county,Louth,Four plus bed,766.67
2014H2,Louth,county,Louth,Four plus bed,786.86
2015H1,Louth,county,Louth,Four plus bed,824.73
2015H2,Louth,county,Louth,Four plus bed,876.93
2016H1,Louth,county,Louth,Four plus bed,941.95
2016H2,Louth,county,Louth,Four plus bed,968.84
2017H1,Louth,county,Louth,Four plus bed,1031.23
2017H2,Louth,county,Louth,Four plus bed,1120.17
2018H1,Louth,county,Louth,Four plus bed,1169.61
2018H2,Louth,county,Louth,Four plus bed,1230.37
2019H1,Louth,county,Louth,Four plus bed,1243.51
2019H2,Louth,county,Louth,Four plus bed,1246.03
2020H1,Louth,county,Louth,Four plus bed,1305.03
2020H2,Louth,county,Louth,Four plus bed,1324.88
2021H1,Louth,county,Louth,Four plus bed,1339.44
2021H2,Louth,county,Louth,Four plus bed,1385.64
2022H1,Louth,county,Louth,Four plus bed,1398.26
2022H2,Louth,county,Louth,Four plus bed,1420.33
2023H1,Louth,county,Louth,Four plus bed,1464.68
2023H2,Louth,county,Louth,Four plus bed,1507.21
2024H1,Louth,county,Louth,Four plus bed,1565.5
2024H2,Louth,county,Louth,Four plus bed,1656.72
2025H1,Louth,county,Louth,Four plus bed,1883.84
2025H2,Louth,county,Louth,Four plus bed,1902.93
2008H1,Louth,county,Louth,One bed,698.41
2008H2,Louth,county,Louth,One bed,669.87
2009H1,Louth,county,Louth,One bed,619.94
2009H2,Louth,county,Louth,One bed,579.97
2010H1,Louth,county,Louth,One bed,545.44
2010H2,Louth,county,Louth,One bed,528.83
2011H1,Louth,county,Louth,One bed,517.74
2011H2,Louth,county,Louth,One bed,507.77
2012H1,Louth,county,Louth,One bed,493.98
2012H2,Louth,county,Louth,One bed,482.92
2013H1,Louth,county,Louth,One bed,480.19
2013H2,Louth,county,Louth,One bed,503.25
2014H1,Louth,county,Louth,One bed,498.65
2014H2,Louth,county,Louth,One bed,522.21
2015H1,Louth,county,Louth,One bed,512.05
2015H2,Louth,county,Louth,One bed,540.0
2016H1,Louth,county,Louth,One bed,558.3
2016H2,Louth,county,Louth,One bed,578.6
2017H1,Louth,county,Louth,One bed,621.02
2017H2,Louth,county,Louth,One bed,658.75
2018H1,Louth,county,Louth,One bed,708.31
2018H2,Louth,county,Louth,One bed,749.32
2019H1,Louth,county,Louth,One bed,783.78
2019H2,Louth,county,Louth,One bed,814.35
2020H1,Louth,county,Louth,One bed,828.87
2020H2,Louth,county,Louth,One bed,851.32
2021H1,Louth,county,Louth,One bed,873.51
2021H2,Louth,county,Louth,One bed,884.68
2022H1,Louth,county,Louth,One bed,892.39
2022H2,Louth,county,Louth,One bed,899.88
2023H1,Louth,county,Louth,One bed,909.35
2023H2,Louth,county,Louth,One bed,930.34
2024H1,Louth,county,Louth,One bed,985.25
2024H2,Louth,county,Louth,One bed,1014.52
2025H1,Louth,county,Louth,One bed,1053.05
2025H2,Louth,county,Louth,One bed,1110.89
2008H1,Louth,county,Louth,Three bed,860.58
2008H2,Louth,county,Louth,Three bed,833.52
2009H1,Louth,county,Louth,Three bed,789.26
2009H2,Louth,county,Louth,Three bed,749.6
2010H1,Louth,county,Louth,Three bed,696.23
2010H2,Louth,county,Louth,Three bed,673.57
2011H1,Louth,county,Louth,Three bed,654.67
2011H2,Louth,county,Louth,Three bed,652.67
2012H1,Louth,county,Louth,Three bed,641.48
2012H2,Louth,county,Louth,Three bed,643.53
2013H1,Louth,county,Louth,Three bed,642.62
2013H2,Louth,county,Louth,Three bed,652.81
2014H1,Louth,county,Louth,Three bed,655.99
2014H2,Louth,county,Louth,Three bed,675.97
2015H1,Louth,county,Louth,Three bed,701.43
2015H2,Louth,county,Louth,Three bed,737.32
2016H1,Louth,county,Louth,Three bed,777.81
2016H2,Louth,county,Louth,Three bed,814.84
2017H1,Louth,county,Louth,Three bed,873.99
2017H2,Louth,county,Louth,Three bed,923.12
2018H1,Louth,county,Louth,Three bed,990.47
2018H2,Louth,county,Louth,Three bed,1021.66
2019H1,Louth,county,Louth,Three bed,1052.98
2019H2,Louth,county,Louth,Three bed,1078.56
2020H1,Louth,county,Louth,Three bed,1105.08
2020H2,Louth,county,Louth,Three bed,1123.78
2021H1,Louth,county,Louth,Three bed,1151.76
2021H2,Louth,county,Louth,Three bed,1173.44
2022H1,Louth,county,Louth,Three bed,1208.96
2022H2,Louth,county,Louth,Three bed,1227.15
2023H1,Louth,county,Louth,Three bed,1259.25
2023H2,Louth,county,Louth,Three bed,1300.0
2024H1,Louth,county,Louth,Three bed,1357.04
2024H2,Louth,county,Louth,Three bed,1410.79
2025H1,Louth,county,Louth,Three bed,1502.37
2025H2,Louth,county,Louth,Three bed,1540.56
2008H1,Louth,county,Louth,Two bed,808.74
2008H2,Louth,county,Louth,Two bed,793.63
2009H1,Louth,county,Louth,Two bed,730.27
2009H2,Louth,county,Louth,Two bed,674.89
2010H1,Louth,county,Louth,Two bed,622.04
2010H2,Louth,county,Louth,Two bed,599.68
2011H1,Louth,county,Louth,Two bed,584.19
2011H2,Louth,county,Louth,Two bed,579.26
2012H1,Louth,county,Louth,Two bed,577.77
2012H2,Louth,county,Louth,Two bed,577.41
2013H1,Louth,county,Louth,Two bed,576.38
2013H2,Louth,county,Louth,Two bed,578.08
2014H1,Louth,county,Louth,Two bed,598.5
2014H2,Louth,county,Louth,Two bed,614.98
2015H1,Louth,county,Louth,Two bed,649.13
2015H2,Louth,county,Louth,Two bed,674.78
2016H1,Louth,county,Louth,Two bed,712.85
2016H2,Louth,county,Louth,Two bed,739.83
2017H1,Louth,county,Louth,Two bed,801.54
2017H2,Louth,county,Louth,Two bed,837.19
2018H1,Louth,county,Louth,Two bed,886.34
2018H2,Louth,county,Louth,Two bed,918.36
2019H1,Louth,county,Louth,Two bed,963.38
2019H2,Louth,county,Louth,Two bed,973.63
2020H1,Louth,county,Louth,Two bed,997.59
2020H2,Louth,county,Louth,Two bed,1004.29
2021H1,Louth,county,Louth,Two bed,1030.66
2021H2,Louth,county,Louth,Two bed,1047.28
2022H1,Louth,county,Louth,Two bed,1087.99
2022H2,Louth,county,Louth,Two bed,1111.89
2023H1,Louth,county,Louth,Two bed,1138.48
2023H2,Louth,county,Louth,Two bed,1172.01
2024H1,Louth,county,Louth,Two bed,1209.76
2024H2,Louth,county,Louth,Two bed,1240.26
2025H1,Louth,county,Louth,Two bed,1288.86
2025H2,Louth,county,Louth,Two bed,1328.3
2008H1,Mayo,county,Mayo,All bedrooms,654.83
2008H2,Mayo,county,Mayo,All bedrooms,647.59
2009H1,Mayo,county,Mayo,All bedrooms,638.36
2009H2,Mayo,county,Mayo,All bedrooms,622.64
2010H1,Mayo,county,Mayo,All bedrooms,597.48
2010H2,Mayo,county,Mayo,All bedrooms,578.17
2011H1,Mayo,county,Mayo,All bedrooms,559.72
2011H2,Mayo,county,Mayo,All bedrooms,549.34
2012H1,Mayo,county,Mayo,All bedrooms,543.27
2012H2,Mayo,county,Mayo,All bedrooms,531.56
2013H1,Mayo,county,Mayo,All bedrooms,523.49
2013H2,Mayo,county,Mayo,All bedrooms,515.69
2014H1,Mayo,county,Mayo,All bedrooms,517.32
2014H2,Mayo,county,Mayo,All bedrooms,521.61
2015H1,Mayo,county,Mayo,All bedrooms,527.35
2015H2,Mayo,county,Mayo,All bedrooms,528.58
2016H1,Mayo,county,Mayo,All bedrooms,535.6
2016H2,Mayo,county,Mayo,All bedrooms,549.01
2017H1,Mayo,county,Mayo,All bedrooms,565.79
2017H2,Mayo,county,Mayo,All bedrooms,580.69
2018H1,Mayo,county,Mayo,All bedrooms,604.39
2018H2,Mayo,county,Mayo,All bedrooms,622.41
2019H1,Mayo,county,Mayo,All bedrooms,646.98
2019H2,Mayo,county,Mayo,All bedrooms,662.24
2020H1,Mayo,county,Mayo,All bedrooms,675.14
2020H2,Mayo,county,Mayo,All bedrooms,688.62
2021H1,Mayo,county,Mayo,All bedrooms,708.47
2021H2,Mayo,county,Mayo,All bedrooms,727.52
2022H1,Mayo,county,Mayo,All bedrooms,766.25
2022H2,Mayo,county,Mayo,All bedrooms,815.57
2023H1,Mayo,county,Mayo,All bedrooms,862.02
2023H2,Mayo,county,Mayo,All bedrooms,910.64
2024H1,Mayo,county,Mayo,All bedrooms,960.51
2024H2,Mayo,county,Mayo,All bedrooms,1011.46
2025H1,Mayo,county,Mayo,All bedrooms,1087.3
2025H2,Mayo,county,Mayo,All bedrooms,1126.63
2008H1,Mayo,county,Mayo,Four plus bed,741.71
2008H2,Mayo,county,Mayo,Four plus bed,721.48
2009H1,Mayo,county,Mayo,Four plus bed,706.98
2009H2,Mayo,county,Mayo,Four plus bed,685.07
2010H1,Mayo,county,Mayo,Four plus bed,655.53
2010H2,Mayo,county,Mayo,Four plus bed,639.25
2011H1,Mayo,county,Mayo,Four plus bed,620.36
2011H2,Mayo,county,Mayo,Four plus bed,615.64
2012H1,Mayo,county,Mayo,Four plus bed,605.41
2012H2,Mayo,county,Mayo,Four plus bed,602.39
2013H1,Mayo,county,Mayo,Four plus bed,593.81
2013H2,Mayo,county,Mayo,Four plus bed,586.83
2014H1,Mayo,county,Mayo,Four plus bed,580.61
2014H2,Mayo,county,Mayo,Four plus bed,586.49
2015H1,Mayo,county,Mayo,Four plus bed,591.4
2015H2,Mayo,county,Mayo,Four plus bed,591.85
2016H1,Mayo,county,Mayo,Four plus bed,602.42
2016H2,Mayo,county,Mayo,Four plus bed,622.51
2017H1,Mayo,county,Mayo,Four plus bed,650.28
2017H2,Mayo,county,Mayo,Four plus bed,663.92
2018H1,Mayo,county,Mayo,Four plus bed,685.32
2018H2,Mayo,county,Mayo,Four plus bed,702.45
2019H1,Mayo,county,Mayo,Four plus bed,717.74
2019H2,Mayo,county,Mayo,Four plus bed,728.01
2020H1,Mayo,county,Mayo,Four plus bed,738.28
2020H2,Mayo,county,Mayo,Four plus bed,750.92
2021H1,Mayo,county,Mayo,Four plus bed,776.37
2021H2,Mayo,county,Mayo,Four plus bed,796.45
2022H1,Mayo,county,Mayo,Four plus bed,844.36
2022H2,Mayo,county,Mayo,Four plus bed,908.8
2023H1,Mayo,county,Mayo,Four plus bed,978.74
2023H2,Mayo,county,Mayo,Four plus bed,1047.83
2024H1,Mayo,county,Mayo,Four plus bed,1103.69
2024H2,Mayo,county,Mayo,Four plus bed,1179.46
2025H1,Mayo,county,Mayo,Four plus bed,1261.42
2025H2,Mayo,county,Mayo,Four plus bed,1297.11
2008H1,Mayo,county,Mayo,One bed,515.87
2008H2,Mayo,county,Mayo,One bed,507.21
2009H1,Mayo,county,Mayo,One bed,503.96
2009H2,Mayo,county,Mayo,One bed,500.54
2010H1,Mayo,county,Mayo,One bed,484.24
2010H2,Mayo,county,Mayo,One bed,460.23
2011H1,Mayo,county,Mayo,One bed,443.25
2011H2,Mayo,county,Mayo,One bed,441.66
2012H1,Mayo,county,Mayo,One bed,435.34
2012H2,Mayo,county,Mayo,One bed,420.5
2013H1,Mayo,county,Mayo,One bed,398.49
2013H2,Mayo,county,Mayo,One bed,396.77
2014H1,Mayo,county,Mayo,One bed,394.65
2014H2,Mayo,county,Mayo,One bed,397.07
2015H1,Mayo,county,Mayo,One bed,402.84
2015H2,Mayo,county,Mayo,One bed,408.4
2016H1,Mayo,county,Mayo,One bed,416.4
2016H2,Mayo,county,Mayo,One bed,414.25
2017H1,Mayo,county,Mayo,One bed,425.47
2017H2,Mayo,county,Mayo,One bed,444.31
2018H1,Mayo,county,Mayo,One bed,470.38
2018H2,Mayo,county,Mayo,One bed,484.71
2019H1,Mayo,county,Mayo,One bed,503.58
2019H2,Mayo,county,Mayo,One bed,514.37
2020H1,Mayo,county,Mayo,One bed,530.63
2020H2,Mayo,county,Mayo,One bed,546.08
2021H1,Mayo,county,Mayo,One bed,566.04
2021H2,Mayo,county,Mayo,One bed,575.39
2022H1,Mayo,county,Mayo,One bed,592.27
2022H2,Mayo,county,Mayo,One bed,636.76
2023H1,Mayo,county,Mayo,One bed,657.3
2023H2,Mayo,county,Mayo,One bed,668.9
2024H1,Mayo,county,Mayo,One bed,701.9
2024H2,Mayo,county,Mayo,One bed,743.29
2025H1,Mayo,county,Mayo,One bed,779.05
2025H2,Mayo,county,Mayo,One bed,803.42
2008H1,Mayo,county,Mayo,Three bed,665.17
2008H2,Mayo,county,Mayo,Three bed,660.74
2009H1,Mayo,county,Mayo,Three bed,644.93
2009H2,Mayo,county,Mayo,Three bed,625.46
2010H1,Mayo,county,Mayo,Three bed,593.84
2010H2,Mayo,county,Mayo,Three bed,575.77
2011H1,Mayo,county,Mayo,Three bed,555.38
2011H2,Mayo,county,Mayo,Three bed,543.24
2012H1,Mayo,county,Mayo,Three bed,530.64
2012H2,Mayo,county,Mayo,Three bed,521.69
2013H1,Mayo,county,Mayo,Three bed,514.05
2013H2,Mayo,county,Mayo,Three bed,512.28
2014H1,Mayo,county,Mayo,Three bed,517.37
2014H2,Mayo,county,Mayo,Three bed,518.88
2015H1,Mayo,county,Mayo,Three bed,527.67
2015H2,Mayo,county,Mayo,Three bed,527.24
2016H1,Mayo,county,Mayo,Three bed,537.01
2016H2,Mayo,county,Mayo,Three bed,551.36
2017H1,Mayo,county,Mayo,Three bed,568.17
2017H2,Mayo,county,Mayo,Three bed,584.16
2018H1,Mayo,county,Mayo,Three bed,610.18
2018H2,Mayo,county,Mayo,Three bed,625.84
2019H1,Mayo,county,Mayo,Three bed,653.42
2019H2,Mayo,county,Mayo,Three bed,671.08
2020H1,Mayo,county,Mayo,Three bed,688.84
2020H2,Mayo,county,Mayo,Three bed,701.53
2021H1,Mayo,county,Mayo,Three bed,717.4
2021H2,Mayo,county,Mayo,Three bed,738.51
2022H1,Mayo,county,Mayo,Three bed,777.33
2022H2,Mayo,county,Mayo,Three bed,828.11
2023H1,Mayo,county,Mayo,Three bed,879.05
2023H2,Mayo,county,Mayo,Three bed,916.56
2024H1,Mayo,county,Mayo,Three bed,972.5
2024H2,Mayo,county,Mayo,Three bed,1010.88
2025H1,Mayo,county,Mayo,Three bed,1097.37
2025H2,Mayo,county,Mayo,Three bed,1144.92
2008H1,Mayo,county,Mayo,Two bed,613.61
2008H2,Mayo,county,Mayo,Two bed,615.97
2009H1,Mayo,county,Mayo,Two bed,608.06
2009H2,Mayo,county,Mayo,Two bed,595.07
2010H1,Mayo,county,Mayo,Two bed,575.87
2010H2,Mayo,county,Mayo,Two bed,552.07
2011H1,Mayo,county,Mayo,Two bed,534.36
2011H2,Mayo,county,Mayo,Two bed,515.92
2012H1,Mayo,county,Mayo,Two bed,517.52
2012H2,Mayo,county,Mayo,Two bed,498.02
2013H1,Mayo,county,Mayo,Two bed,493.82
2013H2,Mayo,county,Mayo,Two bed,478.72
2014H1,Mayo,county,Mayo,Two bed,483.41
2014H2,Mayo,county,Mayo,Two bed,491.03
2015H1,Mayo,county,Mayo,Two bed,493.1
2015H2,Mayo,county,Mayo,Two bed,496.19
2016H1,Mayo,county,Mayo,Two bed,505.22
2016H2,Mayo,county,Mayo,Two bed,522.1
2017H1,Mayo,county,Mayo,Two bed,542.56
2017H2,Mayo,county,Mayo,Two bed,555.66
2018H1,Mayo,county,Mayo,Two bed,578.58
2018H2,Mayo,county,Mayo,Two bed,594.27
2019H1,Mayo,county,Mayo,Two bed,619.72
2019H2,Mayo,county,Mayo,Two bed,634.4
2020H1,Mayo,county,Mayo,Two bed,643.38
2020H2,Mayo,county,Mayo,Two bed,658.99
2021H1,Mayo,county,Mayo,Two bed,683.62
2021H2,Mayo,county,Mayo,Two bed,706.02
2022H1,Mayo,county,Mayo,Two bed,750.7
2022H2,Mayo,county,Mayo,Two bed,785.31
2023H1,Mayo,county,Mayo,Two bed,820.85
2023H2,Mayo,county,Mayo,Two bed,871.85
2024H1,Mayo,county,Mayo,Two bed,920.6
2024H2,Mayo,county,Mayo,Two bed,969.96
2025H1,Mayo,county,Mayo,Two bed,1033.14
2025H2,Mayo,county,Mayo,Two bed,1077.33
2008H1,Meath,county,Meath,All bedrooms,923.39
2008H2,Meath,county,Meath,All bedrooms,898.36
2009H1,Meath,county,Meath,All bedrooms,850.7
2009H2,Meath,county,Meath,All bedrooms,792.66
2010H1,Meath,county,Meath,All bedrooms,738.64
2010H2,Meath,county,Meath,All bedrooms,708.19
2011H1,Meath,county,Meath,All bedrooms,693.17
2011H2,Meath,county,Meath,All bedrooms,685.26
2012H1,Meath,county,Meath,All bedrooms,680.91
2012H2,Meath,county,Meath,All bedrooms,679.45
2013H1,Meath,county,Meath,All bedrooms,676.82
2013H2,Meath,county,Meath,All bedrooms,686.36
2014H1,Meath,county,Meath,All bedrooms,703.53
2014H2,Meath,county,Meath,All bedrooms,737.74
2015H1,Meath,county,Meath,All bedrooms,780.58
2015H2,Meath,county,Meath,All bedrooms,824.08
2016H1,Meath,county,Meath,All bedrooms,868.39
2016H2,Meath,county,Meath,All bedrooms,912.25
2017H1,Meath,county,Meath,All bedrooms,970.8
2017H2,Meath,county,Meath,All bedrooms,1019.12
2018H1,Meath,county,Meath,All bedrooms,1077.69
2018H2,Meath,county,Meath,All bedrooms,1104.94
2019H1,Meath,county,Meath,All bedrooms,1138.66
2019H2,Meath,county,Meath,All bedrooms,1157.06
2020H1,Meath,county,Meath,All bedrooms,1180.48
2020H2,Meath,county,Meath,All bedrooms,1196.9
2021H1,Meath,county,Meath,All bedrooms,1215.68
2021H2,Meath,county,Meath,All bedrooms,1237.85
2022H1,Meath,county,Meath,All bedrooms,1250.64
2022H2,Meath,county,Meath,All bedrooms,1282.18
2023H1,Meath,county,Meath,All bedrooms,1321.0
2023H2,Meath,county,Meath,All bedrooms,1367.45
2024H1,Meath,county,Meath,All bedrooms,1403.87
2024H2,Meath,county,Meath,All bedrooms,1442.82
2025H1,Meath,county,Meath,All bedrooms,1515.39
2025H2,Meath,county,Meath,All bedrooms,1546.77
2008H1,Meath,county,Meath,Four plus bed,1108.64
2008H2,Meath,county,Meath,Four plus bed,1065.27
2009H1,Meath,county,Meath,Four plus bed,994.86
2009H2,Meath,county,Meath,Four plus bed,932.34
2010H1,Meath,county,Meath,Four plus bed,873.3
2010H2,Meath,county,Meath,Four plus bed,843.37
2011H1,Meath,county,Meath,Four plus bed,812.75
2011H2,Meath,county,Meath,Four plus bed,802.19
2012H1,Meath,county,Meath,Four plus bed,792.69
2012H2,Meath,county,Meath,Four plus bed,794.46
2013H1,Meath,county,Meath,Four plus bed,793.81
2013H2,Meath,county,Meath,Four plus bed,810.43
2014H1,Meath,county,Meath,Four plus bed,833.54
2014H2,Meath,county,Meath,Four plus bed,881.28
2015H1,Meath,county,Meath,Four plus bed,928.0
2015H2,Meath,county,Meath,Four plus bed,995.34
2016H1,Meath,county,Meath,Four plus bed,1045.47
2016H2,Meath,county,Meath,Four plus bed,1095.04
2017H1,Meath,county,Meath,Four plus bed,1146.83
2017H2,Meath,county,Meath,Four plus bed,1204.25
2018H1,Meath,county,Meath,Four plus bed,1255.74
2018H2,Meath,county,Meath,Four plus bed,1296.52
2019H1,Meath,county,Meath,Four plus bed,1332.56
2019H2,Meath,county,Meath,Four plus bed,1352.93
2020H1,Meath,county,Meath,Four plus bed,1384.97
2020H2,Meath,county,Meath,Four plus bed,1411.99
2021H1,Meath,county,Meath,Four plus bed,1436.81
2021H2,Meath,county,Meath,Four plus bed,1473.09
2022H1,Meath,county,Meath,Four plus bed,1496.72
2022H2,Meath,county,Meath,Four plus bed,1532.01
2023H1,Meath,county,Meath,Four plus bed,1568.44
2023H2,Meath,county,Meath,Four plus bed,1638.14
2024H1,Meath,county,Meath,Four plus bed,1702.08
2024H2,Meath,county,Meath,Four plus bed,1750.99
2025H1,Meath,county,Meath,Four plus bed,1822.5
2025H2,Meath,county,Meath,Four plus bed,1876.19
2008H1,Meath,county,Meath,One bed,661.97
2008H2,Meath,county,Meath,One bed,656.71
2009H1,Meath,county,Meath,One bed,629.48
2009H2,Meath,county,Meath,One bed,592.32
2010H1,Meath,county,Meath,One bed,547.9
2010H2,Meath,county,Meath,One bed,521.8
2011H1,Meath,county,Meath,One bed,513.73
2011H2,Meath,county,Meath,One bed,512.15
2012H1,Meath,county,Meath,One bed,514.03
2012H2,Meath,county,Meath,One bed,502.73
2013H1,Meath,county,Meath,One bed,491.8
2013H2,Meath,county,Meath,One bed,498.65
2014H1,Meath,county,Meath,One bed,521.93
2014H2,Meath,county,Meath,One bed,544.29
2015H1,Meath,county,Meath,One bed,578.55
2015H2,Meath,county,Meath,One bed,608.51
2016H1,Meath,county,Meath,One bed,643.96
2016H2,Meath,county,Meath,One bed,666.7
2017H1,Meath,county,Meath,One bed,691.97
2017H2,Meath,county,Meath,One bed,722.01
2018H1,Meath,county,Meath,One bed,770.32
2018H2,Meath,county,Meath,One bed,792.68
2019H1,Meath,county,Meath,One bed,824.52
2019H2,Meath,county,Meath,One bed,853.4
2020H1,Meath,county,Meath,One bed,874.98
2020H2,Meath,county,Meath,One bed,886.57
2021H1,Meath,county,Meath,One bed,884.02
2021H2,Meath,county,Meath,One bed,901.57
2022H1,Meath,county,Meath,One bed,896.25
2022H2,Meath,county,Meath,One bed,924.84
2023H1,Meath,county,Meath,One bed,942.84
2023H2,Meath,county,Meath,One bed,973.08
2024H1,Meath,county,Meath,One bed,980.49
2024H2,Meath,county,Meath,One bed,1020.01
2025H1,Meath,county,Meath,One bed,1053.2
2025H2,Meath,county,Meath,One bed,1083.85
2008H1,Meath,county,Meath,Three bed,957.69
2008H2,Meath,county,Meath,Three bed,927.53
2009H1,Meath,county,Meath,Three bed,869.9
2009H2,Meath,county,Meath,Three bed,813.33
2010H1,Meath,county,Meath,Three bed,760.62
2010H2,Meath,county,Meath,Three bed,730.93
2011H1,Meath,county,Meath,Three bed,717.3
2011H2,Meath,county,Meath,Three bed,704.57
2012H1,Meath,county,Meath,Three bed,699.84
2012H2,Meath,county,Meath,Three bed,699.97
2013H1,Meath,county,Meath,Three bed,704.74
2013H2,Meath,county,Meath,Three bed,709.66
2014H1,Meath,county,Meath,Three bed,725.5
2014H2,Meath,county,Meath,Three bed,758.36
2015H1,Meath,county,Meath,Three bed,801.02
2015H2,Meath,county,Meath,Three bed,842.36
2016H1,Meath,county,Meath,Three bed,894.78
2016H2,Meath,county,Meath,Three bed,939.26
2017H1,Meath,county,Meath,Three bed,1011.88
2017H2,Meath,county,Meath,Three bed,1060.51
2018H1,Meath,county,Meath,Three bed,1134.6
2018H2,Meath,county,Meath,Three bed,1155.86
2019H1,Meath,county,Meath,Three bed,1191.62
2019H2,Meath,county,Meath,Three bed,1205.99
2020H1,Meath,county,Meath,Three bed,1228.26
2020H2,Meath,county,Meath,Three bed,1236.99
2021H1,Meath,county,Meath,Three bed,1266.86
2021H2,Meath,county,Meath,Three bed,1293.46
2022H1,Meath,county,Meath,Three bed,1330.29
2022H2,Meath,county,Meath,Three bed,1352.02
2023H1,Meath,county,Meath,Three bed,1407.41
2023H2,Meath,county,Meath,Three bed,1448.26
2024H1,Meath,county,Meath,Three bed,1488.79
2024H2,Meath,county,Meath,Three bed,1538.67
2025H1,Meath,county,Meath,Three bed,1620.82
2025H2,Meath,county,Meath,Three bed,1644.77
2008H1,Meath,county,Meath,Two bed,878.8
2008H2,Meath,county,Meath,Two bed,851.27
2009H1,Meath,county,Meath,Two bed,802.86
2009H2,Meath,county,Meath,Two bed,735.19
2010H1,Meath,county,Meath,Two bed,675.64
2010H2,Meath,county,Meath,Two bed,649.95
2011H1,Meath,county,Meath,Two bed,636.19
2011H2,Meath,county,Meath,Two bed,632.05
2012H1,Meath,county,Meath,Two bed,627.13
2012H2,Meath,county,Meath,Two bed,624.1
2013H1,Meath,county,Meath,Two bed,623.31
2013H2,Meath,county,Meath,Two bed,629.12
2014H1,Meath,county,Meath,Two bed,648.92
2014H2,Meath,county,Meath,Two bed,677.52
2015H1,Meath,county,Meath,Two bed,726.73
2015H2,Meath,county,Meath,Two bed,760.34
2016H1,Meath,county,Meath,Two bed,803.93
2016H2,Meath,county,Meath,Two bed,842.99
2017H1,Meath,county,Meath,Two bed,903.87
2017H2,Meath,county,Meath,Two bed,952.02
2018H1,Meath,county,Meath,Two bed,1014.42
2018H2,Meath,county,Meath,Two bed,1037.46
2019H1,Meath,county,Meath,Two bed,1079.92
2019H2,Meath,county,Meath,Two bed,1102.23
2020H1,Meath,county,Meath,Two bed,1135.63
2020H2,Meath,county,Meath,Two bed,1153.51
2021H1,Meath,county,Meath,Two bed,1166.78
2021H2,Meath,county,Meath,Two bed,1178.55
2022H1,Meath,county,Meath,Two bed,1182.55
2022H2,Meath,county,Meath,Two bed,1216.79
2023H1,Meath,county,Meath,Two bed,1259.83
2023H2,Meath,county,Meath,Two bed,1303.6
2024H1,Meath,county,Meath,Two bed,1336.52
2024H2,Meath,county,Meath,Two bed,1373.71
2025H1,Meath,county,Meath,Two bed,1471.24
2025H2,Meath,county,Meath,Two bed,1507.81
2008H1,Monaghan,county,Monaghan,All bedrooms,631.96
2008H2,Monaghan,county,Monaghan,All bedrooms,618.4
2009H1,Monaghan,county,Monaghan,All bedrooms,583.45
2009H2,Monaghan,county,Monaghan,All bedrooms,561.66
2010H1,Monaghan,county,Monaghan,All bedrooms,527.83
2010H2,Monaghan,county,Monaghan,All bedrooms,521.73
2011H1,Monaghan,county,Monaghan,All bedrooms,508.69
2011H2,Monaghan,county,Monaghan,All bedrooms,506.59
2012H1,Monaghan,county,Monaghan,All bedrooms,499.26
2012H2,Monaghan,county,Monaghan,All bedrooms,496.24
2013H1,Monaghan,county,Monaghan,All bedrooms,492.23
2013H2,Monaghan,county,Monaghan,All bedrooms,489.95
2014H1,Monaghan,county,Monaghan,All bedrooms,496.34
2014H2,Monaghan,county,Monaghan,All bedrooms,497.97
2015H1,Monaghan,county,Monaghan,All bedrooms,504.12
2015H2,Monaghan,county,Monaghan,All bedrooms,512.83
2016H1,Monaghan,county,Monaghan,All bedrooms,528.92
2016H2,Monaghan,county,Monaghan,All bedrooms,546.69
2017H1,Monaghan,county,Monaghan,All bedrooms,572.6
2017H2,Monaghan,county,Monaghan,All bedrooms,589.29
2018H1,Monaghan,county,Monaghan,All bedrooms,616.26
2018H2,Monaghan,county,Monaghan,All bedrooms,631.3
2019H1,Monaghan,county,Monaghan,All bedrooms,655.73
2019H2,Monaghan,county,Monaghan,All bedrooms,660.84
2020H1,Monaghan,county,Monaghan,All bedrooms,670.96
2020H2,Monaghan,county,Monaghan,All bedrooms,673.41
2021H1,Monaghan,county,Monaghan,All bedrooms,678.26
2021H2,Monaghan,county,Monaghan,All bedrooms,689.36
2022H1,Monaghan,county,Monaghan,All bedrooms,726.13
2022H2,Monaghan,county,Monaghan,All bedrooms,759.33
2023H1,Monaghan,county,Monaghan,All bedrooms,800.8
2023H2,Monaghan,county,Monaghan,All bedrooms,839.18
2024H1,Monaghan,county,Monaghan,All bedrooms,890.86
2024H2,Monaghan,county,Monaghan,All bedrooms,925.23
2025H1,Monaghan,county,Monaghan,All bedrooms,1010.22
2025H2,Monaghan,county,Monaghan,All bedrooms,1034.39
2008H1,Monaghan,county,Monaghan,Four plus bed,724.65
2008H2,Monaghan,county,Monaghan,Four plus bed,702.47
2009H1,Monaghan,county,Monaghan,Four plus bed,664.51
2009H2,Monaghan,county,Monaghan,Four plus bed,643.32
2010H1,Monaghan,county,Monaghan,Four plus bed,618.0
2010H2,Monaghan,county,Monaghan,Four plus bed,607.35
2011H1,Monaghan,county,Monaghan,Four plus bed,584.12
2011H2,Monaghan,county,Monaghan,Four plus bed,576.27
2012H1,Monaghan,county,Monaghan,Four plus bed,576.75
2012H2,Monaghan,county,Monaghan,Four plus bed,581.89
2013H1,Monaghan,county,Monaghan,Four plus bed,592.46
2013H2,Monaghan,county,Monaghan,Four plus bed,584.21
2014H1,Monaghan,county,Monaghan,Four plus bed,588.08
2014H2,Monaghan,county,Monaghan,Four plus bed,583.49
2015H1,Monaghan,county,Monaghan,Four plus bed,588.93
2015H2,Monaghan,county,Monaghan,Four plus bed,605.83
2016H1,Monaghan,county,Monaghan,Four plus bed,634.65
2016H2,Monaghan,county,Monaghan,Four plus bed,665.87
2017H1,Monaghan,county,Monaghan,Four plus bed,689.22
2017H2,Monaghan,county,Monaghan,Four plus bed,714.33
2018H1,Monaghan,county,Monaghan,Four plus bed,739.3
2018H2,Monaghan,county,Monaghan,Four plus bed,760.91
2019H1,Monaghan,county,Monaghan,Four plus bed,778.5
2019H2,Monaghan,county,Monaghan,Four plus bed,782.52
2020H1,Monaghan,county,Monaghan,Four plus bed,783.85
2020H2,Monaghan,county,Monaghan,Four plus bed,781.6
2021H1,Monaghan,county,Monaghan,Four plus bed,790.21
2021H2,Monaghan,county,Monaghan,Four plus bed,796.48
2022H1,Monaghan,county,Monaghan,Four plus bed,839.58
2022H2,Monaghan,county,Monaghan,Four plus bed,886.0
2023H1,Monaghan,county,Monaghan,Four plus bed,941.65
2023H2,Monaghan,county,Monaghan,Four plus bed,982.53
2024H1,Monaghan,county,Monaghan,Four plus bed,1060.22
2024H2,Monaghan,county,Monaghan,Four plus bed,1095.49
2025H1,Monaghan,county,Monaghan,Four plus bed,1237.76
2025H2,Monaghan,county,Monaghan,Four plus bed,1272.31
2008H2,Monaghan,county,Monaghan,One bed,434.61
2009H1,Monaghan,county,Monaghan,One bed,432.28
2009H2,Monaghan,county,Monaghan,One bed,432.25
2010H1,Monaghan,county,Monaghan,One bed,415.9
2010H2,Monaghan,county,Monaghan,One bed,410.11
2011H1,Monaghan,county,Monaghan,One bed,399.32
2011H2,Monaghan,county,Monaghan,One bed,401.57
2012H1,Monaghan,county,Monaghan,One bed,406.0
2012H2,Monaghan,county,Monaghan,One bed,389.51
2013H1,Monaghan,county,Monaghan,One bed,383.81
2013H2,Monaghan,county,Monaghan,One bed,386.84
2014H1,Monaghan,county,Monaghan,One bed,399.73
2014H2,Monaghan,county,Monaghan,One bed,410.89
2015H1,Monaghan,county,Monaghan,One bed,412.6
2015H2,Monaghan,county,Monaghan,One bed,413.93
2016H1,Monaghan,county,Monaghan,One bed,409.4
2016H2,Monaghan,county,Monaghan,One bed,407.52
2017H1,Monaghan,county,Monaghan,One bed,430.28
2017H2,Monaghan,county,Monaghan,One bed,446.14
2018H1,Monaghan,county,Monaghan,One bed,460.51
2018H2,Monaghan,county,Monaghan,One bed,478.63
2019H1,Monaghan,county,Monaghan,One bed,502.62
2019H2,Monaghan,county,Monaghan,One bed,511.23
2020H1,Monaghan,county,Monaghan,One bed,517.4
2020H2,Monaghan,county,Monaghan,One bed,521.01
2021H1,Monaghan,county,Monaghan,One bed,513.94
2021H2,Monaghan,county,Monaghan,One bed,532.81
2022H1,Monaghan,county,Monaghan,One bed,629.72
2022H2,Monaghan,county,Monaghan,One bed,687.69
2023H1,Monaghan,county,Monaghan,One bed,697.66
2023H2,Monaghan,county,Monaghan,One bed,691.87
2024H1,Monaghan,county,Monaghan,One bed,663.25
2024H2,Monaghan,county,Monaghan,One bed,681.69
2025H1,Monaghan,county,Monaghan,One bed,731.38
2025H2,Monaghan,county,Monaghan,One bed,751.74
2008H1,Monaghan,county,Monaghan,Three bed,642.09
2008H2,Monaghan,county,Monaghan,Three bed,636.37
2009H1,Monaghan,county,Monaghan,Three bed,599.18
2009H2,Monaghan,county,Monaghan,Three bed,575.34
2010H1,Monaghan,county,Monaghan,Three bed,540.21
2010H2,Monaghan,county,Monaghan,Three bed,536.88
2011H1,Monaghan,county,Monaghan,Three bed,527.11
2011H2,Monaghan,county,Monaghan,Three bed,521.36
2012H1,Monaghan,county,Monaghan,Three bed,495.71
2012H2,Monaghan,county,Monaghan,Three bed,495.48
2013H1,Monaghan,county,Monaghan,Three bed,490.52
2013H2,Monaghan,county,Monaghan,Three bed,500.15
2014H1,Monaghan,county,Monaghan,Three bed,505.25
2014H2,Monaghan,county,Monaghan,Three bed,511.15
2015H1,Monaghan,county,Monaghan,Three bed,515.12
2015H2,Monaghan,county,Monaghan,Three bed,519.41
2016H1,Monaghan,county,Monaghan,Three bed,534.89
2016H2,Monaghan,county,Monaghan,Three bed,555.15
2017H1,Monaghan,county,Monaghan,Three bed,584.17
2017H2,Monaghan,county,Monaghan,Three bed,595.53
2018H1,Monaghan,county,Monaghan,Three bed,629.18
2018H2,Monaghan,county,Monaghan,Three bed,635.33
2019H1,Monaghan,county,Monaghan,Three bed,661.89
2019H2,Monaghan,county,Monaghan,Three bed,663.97
2020H1,Monaghan,county,Monaghan,Three bed,685.18
2020H2,Monaghan,county,Monaghan,Three bed,693.87
2021H1,Monaghan,county,Monaghan,Three bed,695.87
2021H2,Monaghan,county,Monaghan,Three bed,714.26
2022H1,Monaghan,county,Monaghan,Three bed,733.74
2022H2,Monaghan,county,Monaghan,Three bed,766.66
2023H1,Monaghan,county,Monaghan,Three bed,808.92
2023H2,Monaghan,county,Monaghan,Three bed,852.53
2024H1,Monaghan,county,Monaghan,Three bed,924.51
2024H2,Monaghan,county,Monaghan,Three bed,971.47
2025H1,Monaghan,county,Monaghan,Three bed,1079.83
2025H2,Monaghan,county,Monaghan,Three bed,1110.38
2008H1,Monaghan,county,Monaghan,Two bed,605.91
2008H2,Monaghan,county,Monaghan,Two bed,599.25
2009H1,Monaghan,county,Monaghan,Two bed,564.95
2009H2,Monaghan,county,Monaghan,Two bed,539.52
2010H1,Monaghan,county,Monaghan,Two bed,490.64
2010H2,Monaghan,county,Monaghan,Two bed,480.29
2011H1,Monaghan,county,Monaghan,Two bed,466.23
2011H2,Monaghan,county,Monaghan,Two bed,470.24
2012H1,Monaghan,county,Monaghan,Two bed,480.58
2012H2,Monaghan,county,Monaghan,Two bed,472.8
2013H1,Monaghan,county,Monaghan,Two bed,455.23
2013H2,Monaghan,county,Monaghan,Two bed,445.12
2014H1,Monaghan,county,Monaghan,Two bed,456.46
2014H2,Monaghan,county,Monaghan,Two bed,461.98
2015H1,Monaghan,county,Monaghan,Two bed,473.12
2015H2,Monaghan,county,Monaghan,Two bed,493.51
2016H1,Monaghan,county,Monaghan,Two bed,510.94
2016H2,Monaghan,county,Monaghan,Two bed,515.76
2017H1,Monaghan,county,Monaghan,Two bed,533.41
2017H2,Monaghan,county,Monaghan,Two bed,545.19
2018H1,Monaghan,county,Monaghan,Two bed,573.84
2018H2,Monaghan,county,Monaghan,Two bed,590.13
2019H1,Monaghan,county,Monaghan,Two bed,614.71
2019H2,Monaghan,county,Monaghan,Two bed,634.64
2020H1,Monaghan,county,Monaghan,Two bed,632.59
2020H2,Monaghan,county,Monaghan,Two bed,635.32
2021H1,Monaghan,county,Monaghan,Two bed,632.45
2021H2,Monaghan,county,Monaghan,Two bed,653.88
2022H1,Monaghan,county,Monaghan,Two bed,686.25
2022H2,Monaghan,county,Monaghan,Two bed,705.26
2023H1,Monaghan,county,Monaghan,Two bed,735.08
2023H2,Monaghan,county,Monaghan,Two bed,786.82
2024H1,Monaghan,county,Monaghan,Two bed,825.06
2024H2,Monaghan,county,Monaghan,Two bed,856.19
2025H1,Monaghan,county,Monaghan,Two bed,898.65
2025H2,Monaghan,county,Monaghan,Two bed,929.49
2008H1,Offaly,county,Offaly,All bedrooms,699.44
2008H2,Offaly,county,Offaly,All bedrooms,692.58
2009H1,Offaly,county,Offaly,All bedrooms,655.24
2009H2,Offaly,county,Offaly,All bedrooms,621.94
2010H1,Offaly,county,Offaly,All bedrooms,585.64
2010H2,Offaly,county,Offaly,All bedrooms,563.19
2011H1,Offaly,county,Offaly,All bedrooms,549.92
2011H2,Offaly,county,Offaly,All bedrooms,543.83
2012H1,Offaly,county,Offaly,All bedrooms,541.0
2012H2,Offaly,county,Offaly,All bedrooms,537.12
2013H1,Offaly,county,Offaly,All bedrooms,533.46
2013H2,Offaly,county,Offaly,All bedrooms,536.2
2014H1,Offaly,county,Offaly,All bedrooms,542.13
2014H2,Offaly,county,Offaly,All bedrooms,548.99
2015H1,Offaly,county,Offaly,All bedrooms,556.63
2015H2,Offaly,county,Offaly,All bedrooms,576.04
2016H1,Offaly,county,Offaly,All bedrooms,586.71
2016H2,Offaly,county,Offaly,All bedrooms,605.84
2017H1,Offaly,county,Offaly,All bedrooms,634.63
2017H2,Offaly,county,Offaly,All bedrooms,664.52
2018H1,Offaly,county,Offaly,All bedrooms,698.64
2018H2,Offaly,county,Offaly,All bedrooms,717.06
2019H1,Offaly,county,Offaly,All bedrooms,748.54
2019H2,Offaly,county,Offaly,All bedrooms,773.29
2020H1,Offaly,county,Offaly,All bedrooms,797.01
2020H2,Offaly,county,Offaly,All bedrooms,816.51
2021H1,Offaly,county,Offaly,All bedrooms,827.8
2021H2,Offaly,county,Offaly,All bedrooms,848.46
2022H1,Offaly,county,Offaly,All bedrooms,880.66
2022H2,Offaly,county,Offaly,All bedrooms,920.31
2023H1,Offaly,county,Offaly,All bedrooms,941.23
2023H2,Offaly,county,Offaly,All bedrooms,998.63
2024H1,Offaly,county,Offaly,All bedrooms,1049.86
2024H2,Offaly,county,Offaly,All bedrooms,1104.44
2025H1,Offaly,county,Offaly,All bedrooms,1161.65
2025H2,Offaly,county,Offaly,All bedrooms,1209.6
2008H1,Offaly,county,Offaly,Four plus bed,808.35
2008H2,Offaly,county,Offaly,Four plus bed,775.22
2009H1,Offaly,county,Offaly,Four plus bed,727.21
2009H2,Offaly,county,Offaly,Four plus bed,700.51
2010H1,Offaly,county,Offaly,Four plus bed,669.49
2010H2,Offaly,county,Offaly,Four plus bed,648.07
2011H1,Offaly,county,Offaly,Four plus bed,631.61
2011H2,Offaly,county,Offaly,Four plus bed,626.21
2012H1,Offaly,county,Offaly,Four plus bed,621.84
2012H2,Offaly,county,Offaly,Four plus bed,615.37
2013H1,Offaly,county,Offaly,Four plus bed,616.23
2013H2,Offaly,county,Offaly,Four plus bed,599.73
2014H1,Offaly,county,Offaly,Four plus bed,606.65
2014H2,Offaly,county,Offaly,Four plus bed,622.52
2015H1,Offaly,county,Offaly,Four plus bed,643.53
2015H2,Offaly,county,Offaly,Four plus bed,673.5
2016H1,Offaly,county,Offaly,Four plus bed,691.88
2016H2,Offaly,county,Offaly,Four plus bed,712.52
2017H1,Offaly,county,Offaly,Four plus bed,743.26
2017H2,Offaly,county,Offaly,Four plus bed,777.77
2018H1,Offaly,county,Offaly,Four plus bed,840.91
2018H2,Offaly,county,Offaly,Four plus bed,858.34
2019H1,Offaly,county,Offaly,Four plus bed,879.26
2019H2,Offaly,county,Offaly,Four plus bed,909.94
2020H1,Offaly,county,Offaly,Four plus bed,926.0
2020H2,Offaly,county,Offaly,Four plus bed,952.28
2021H1,Offaly,county,Offaly,Four plus bed,963.7
2021H2,Offaly,county,Offaly,Four plus bed,982.65
2022H1,Offaly,county,Offaly,Four plus bed,1038.32
2022H2,Offaly,county,Offaly,Four plus bed,1103.69
2023H1,Offaly,county,Offaly,Four plus bed,1137.55
2023H2,Offaly,county,Offaly,Four plus bed,1238.5
2024H1,Offaly,county,Offaly,Four plus bed,1280.59
2024H2,Offaly,county,Offaly,Four plus bed,1336.9
2025H1,Offaly,county,Offaly,Four plus bed,1435.03
2025H2,Offaly,county,Offaly,Four plus bed,1488.44
2008H1,Offaly,county,Offaly,One bed,563.09
2008H2,Offaly,county,Offaly,One bed,542.22
2009H1,Offaly,county,Offaly,One bed,512.29
2009H2,Offaly,county,Offaly,One bed,478.22
2010H1,Offaly,county,Offaly,One bed,462.88
2010H2,Offaly,county,Offaly,One bed,445.28
2011H1,Offaly,county,Offaly,One bed,446.83
2011H2,Offaly,county,Offaly,One bed,437.34
2012H1,Offaly,county,Offaly,One bed,433.51
2012H2,Offaly,county,Offaly,One bed,426.56
2013H1,Offaly,county,Offaly,One bed,421.09
2013H2,Offaly,county,Offaly,One bed,403.24
2014H1,Offaly,county,Offaly,One bed,388.86
2014H2,Offaly,county,Offaly,One bed,393.7
2015H1,Offaly,county,Offaly,One bed,401.99
2015H2,Offaly,county,Offaly,One bed,428.4
2016H1,Offaly,county,Offaly,One bed,423.21
2016H2,Offaly,county,Offaly,One bed,434.62
2017H1,Offaly,county,Offaly,One bed,457.27
2017H2,Offaly,county,Offaly,One bed,481.37
2018H1,Offaly,county,Offaly,One bed,502.17
2018H2,Offaly,county,Offaly,One bed,517.53
2019H1,Offaly,county,Offaly,One bed,549.82
2019H2,Offaly,county,Offaly,One bed,560.78
2020H1,Offaly,county,Offaly,One bed,584.07
2020H2,Offaly,county,Offaly,One bed,596.87
2021H1,Offaly,county,Offaly,One bed,623.17
2021H2,Offaly,county,Offaly,One bed,635.41
2022H1,Offaly,county,Offaly,One bed,673.65
2022H2,Offaly,county,Offaly,One bed,698.1
2023H1,Offaly,county,Offaly,One bed,656.68
2023H2,Offaly,county,Offaly,One bed,714.81
2024H1,Offaly,county,Offaly,One bed,796.07
2024H2,Offaly,county,Offaly,One bed,824.69
2025H1,Offaly,county,Offaly,One bed,828.61
2025H2,Offaly,county,Offaly,One bed,864.73
2008H1,Offaly,county,Offaly,Three bed,713.3
2008H2,Offaly,county,Offaly,Three bed,704.03
2009H1,Offaly,county,Offaly,Three bed,667.78
2009H2,Offaly,county,Offaly,Three bed,637.26
2010H1,Offaly,county,Offaly,Three bed,601.43
2010H2,Offaly,county,Offaly,Three bed,579.72
2011H1,Offaly,county,Offaly,Three bed,564.79
2011H2,Offaly,county,Offaly,Three bed,562.25
2012H1,Offaly,county,Offaly,Three bed,558.02
2012H2,Offaly,county,Offaly,Three bed,554.93
2013H1,Offaly,county,Offaly,Three bed,549.27
2013H2,Offaly,county,Offaly,Three bed,562.12
2014H1,Offaly,county,Offaly,Three bed,568.33
2014H2,Offaly,county,Offaly,Three bed,577.92
2015H1,Offaly,county,Offaly,Three bed,579.69
2015H2,Offaly,county,Offaly,Three bed,598.09
2016H1,Offaly,county,Offaly,Three bed,610.52
2016H2,Offaly,county,Offaly,Three bed,634.09
2017H1,Offaly,county,Offaly,Three bed,666.39
2017H2,Offaly,county,Offaly,Three bed,700.78
2018H1,Offaly,county,Offaly,Three bed,722.61
2018H2,Offaly,county,Offaly,Three bed,758.92
2019H1,Offaly,county,Offaly,Three bed,789.47
2019H2,Offaly,county,Offaly,Three bed,825.79
2020H1,Offaly,county,Offaly,Three bed,842.6
2020H2,Offaly,county,Offaly,Three bed,871.56
2021H1,Offaly,county,Offaly,Three bed,885.14
2021H2,Offaly,county,Offaly,Three bed,909.3
2022H1,Offaly,county,Offaly,Three bed,935.58
2022H2,Offaly,county,Offaly,Three bed,973.54
2023H1,Offaly,county,Offaly,Three bed,1029.2
2023H2,Offaly,county,Offaly,Three bed,1070.45
2024H1,Offaly,county,Offaly,Three bed,1103.87
2024H2,Offaly,county,Offaly,Three bed,1155.5
2025H1,Offaly,county,Offaly,Three bed,1214.44
2025H2,Offaly,county,Offaly,Three bed,1269.59
2008H1,Offaly,county,Offaly,Two bed,668.35
2008H2,Offaly,county,Offaly,Two bed,670.93
2009H1,Offaly,county,Offaly,Two bed,626.91
2009H2,Offaly,county,Offaly,Two bed,592.97
2010H1,Offaly,county,Offaly,Two bed,545.33
2010H2,Offaly,county,Offaly,Two bed,523.68
2011H1,Offaly,county,Offaly,Two bed,513.3
2011H2,Offaly,county,Offaly,Two bed,503.65
2012H1,Offaly,county,Offaly,Two bed,492.48
2012H2,Offaly,county,Offaly,Two bed,493.26
2013H1,Offaly,county,Offaly,Two bed,491.73
2013H2,Offaly,county,Offaly,Two bed,505.78
2014H1,Offaly,county,Offaly,Two bed,513.81
2014H2,Offaly,county,Offaly,Two bed,515.1
2015H1,Offaly,county,Offaly,Two bed,517.22
2015H2,Offaly,county,Offaly,Two bed,527.97
2016H1,Offaly,county,Offaly,Two bed,540.73
2016H2,Offaly,county,Offaly,Two bed,556.64
2017H1,Offaly,county,Offaly,Two bed,577.83
2017H2,Offaly,county,Offaly,Two bed,609.33
2018H1,Offaly,county,Offaly,Two bed,646.87
2018H2,Offaly,county,Offaly,Two bed,664.58
2019H1,Offaly,county,Offaly,Two bed,702.76
2019H2,Offaly,county,Offaly,Two bed,720.38
2020H1,Offaly,county,Offaly,Two bed,760.43
2020H2,Offaly,county,Offaly,Two bed,771.8
2021H1,Offaly,county,Offaly,Two bed,778.36
2021H2,Offaly,county,Offaly,Two bed,797.17
2022H1,Offaly,county,Offaly,Two bed,826.72
2022H2,Offaly,county,Offaly,Two bed,859.44
2023H1,Offaly,county,Offaly,Two bed,851.49
2023H2,Offaly,county,Offaly,Two bed,891.33
2024H1,Offaly,county,Offaly,Two bed,955.57
2024H2,Offaly,county,Offaly,Two bed,1009.96
2025H1,Offaly,county,Offaly,Two bed,1072.48
2025H2,Offaly,county,Offaly,Two bed,1114.88
2008H1,Roscommon,county,Roscommon,All bedrooms,636.07
2008H2,Roscommon,county,Roscommon,All bedrooms,621.53
2009H1,Roscommon,county,Roscommon,All bedrooms,583.64
2009H2,Roscommon,county,Roscommon,All bedrooms,552.77
2010H1,Roscommon,county,Roscommon,All bedrooms,523.35
2010H2,Roscommon,county,Roscommon,All bedrooms,506.16
2011H1,Roscommon,county,Roscommon,All bedrooms,498.18
2011H2,Roscommon,county,Roscommon,All bedrooms,489.19
2012H1,Roscommon,county,Roscommon,All bedrooms,479.26
2012H2,Roscommon,county,Roscommon,All bedrooms,468.08
2013H1,Roscommon,county,Roscommon,All bedrooms,460.79
2013H2,Roscommon,county,Roscommon,All bedrooms,459.39
2014H1,Roscommon,county,Roscommon,All bedrooms,465.77
2014H2,Roscommon,county,Roscommon,All bedrooms,468.29
2015H1,Roscommon,county,Roscommon,All bedrooms,473.01
2015H2,Roscommon,county,Roscommon,All bedrooms,473.75
2016H1,Roscommon,county,Roscommon,All bedrooms,486.27
2016H2,Roscommon,county,Roscommon,All bedrooms,499.28
2017H1,Roscommon,county,Roscommon,All bedrooms,527.02
2017H2,Roscommon,county,Roscommon,All bedrooms,551.85
2018H1,Roscommon,county,Roscommon,All bedrooms,583.06
2018H2,Roscommon,county,Roscommon,All bedrooms,602.72
2019H1,Roscommon,county,Roscommon,All bedrooms,631.76
2019H2,Roscommon,county,Roscommon,All bedrooms,650.12
2020H1,Roscommon,county,Roscommon,All bedrooms,660.35
2020H2,Roscommon,county,Roscommon,All bedrooms,675.89
2021H1,Roscommon,county,Roscommon,All bedrooms,698.64
2021H2,Roscommon,county,Roscommon,All bedrooms,727.28
2022H1,Roscommon,county,Roscommon,All bedrooms,763.51
2022H2,Roscommon,county,Roscommon,All bedrooms,804.29
2023H1,Roscommon,county,Roscommon,All bedrooms,849.63
2023H2,Roscommon,county,Roscommon,All bedrooms,898.15
2024H1,Roscommon,county,Roscommon,All bedrooms,966.54
2024H2,Roscommon,county,Roscommon,All bedrooms,1007.08
2025H1,Roscommon,county,Roscommon,All bedrooms,1065.21
2025H2,Roscommon,county,Roscommon,All bedrooms,1102.65
2008H1,Roscommon,county,Roscommon,Four plus bed,697.75
2008H2,Roscommon,county,Roscommon,Four plus bed,686.03
2009H1,Roscommon,county,Roscommon,Four plus bed,640.79
2009H2,Roscommon,county,Roscommon,Four plus bed,606.0
2010H1,Roscommon,county,Roscommon,Four plus bed,577.06
2010H2,Roscommon,county,Roscommon,Four plus bed,563.29
2011H1,Roscommon,county,Roscommon,Four plus bed,557.02
2011H2,Roscommon,county,Roscommon,Four plus bed,542.71
2012H1,Roscommon,county,Roscommon,Four plus bed,529.6
2012H2,Roscommon,county,Roscommon,Four plus bed,520.52
2013H1,Roscommon,county,Roscommon,Four plus bed,521.15
2013H2,Roscommon,county,Roscommon,Four plus bed,521.11
2014H1,Roscommon,county,Roscommon,Four plus bed,526.85
2014H2,Roscommon,county,Roscommon,Four plus bed,534.18
2015H1,Roscommon,county,Roscommon,Four plus bed,544.69
2015H2,Roscommon,county,Roscommon,Four plus bed,548.26
2016H1,Roscommon,county,Roscommon,Four plus bed,555.11
2016H2,Roscommon,county,Roscommon,Four plus bed,576.05
2017H1,Roscommon,county,Roscommon,Four plus bed,609.18
2017H2,Roscommon,county,Roscommon,Four plus bed,633.73
2018H1,Roscommon,county,Roscommon,Four plus bed,670.34
2018H2,Roscommon,county,Roscommon,Four plus bed,688.16
2019H1,Roscommon,county,Roscommon,Four plus bed,721.1
2019H2,Roscommon,county,Roscommon,Four plus bed,744.42
2020H1,Roscommon,county,Roscommon,Four plus bed,742.08
2020H2,Roscommon,county,Roscommon,Four plus bed,763.44
2021H1,Roscommon,county,Roscommon,Four plus bed,776.0
2021H2,Roscommon,county,Roscommon,Four plus bed,819.48
2022H1,Roscommon,county,Roscommon,Four plus bed,844.84
2022H2,Roscommon,county,Roscommon,Four plus bed,899.26
2023H1,Roscommon,county,Roscommon,Four plus bed,966.46
2023H2,Roscommon,county,Roscommon,Four plus bed,1040.16
2024H1,Roscommon,county,Roscommon,Four plus bed,1103.64
2024H2,Roscommon,county,Roscommon,Four plus bed,1149.09
2025H1,Roscommon,county,Roscommon,Four plus bed,1189.18
2025H2,Roscommon,county,Roscommon,Four plus bed,1243.46
2008H1,Roscommon,county,Roscommon,One bed,532.97
2008H2,Roscommon,county,Roscommon,One bed,505.84
2009H1,Roscommon,county,Roscommon,One bed,461.42
2009H2,Roscommon,county,Roscommon,One bed,440.0
2010H1,Roscommon,county,Roscommon,One bed,404.7
2010H2,Roscommon,county,Roscommon,One bed,386.06
2011H1,Roscommon,county,Roscommon,One bed,365.71
2011H2,Roscommon,county,Roscommon,One bed,386.27
2012H1,Roscommon,county,Roscommon,One bed,370.51
2012H2,Roscommon,county,Roscommon,One bed,360.79
2013H1,Roscommon,county,Roscommon,One bed,340.29
2013H2,Roscommon,county,Roscommon,One bed,340.54
2014H1,Roscommon,county,Roscommon,One bed,341.69
2014H2,Roscommon,county,Roscommon,One bed,346.84
2015H1,Roscommon,county,Roscommon,One bed,357.66
2015H2,Roscommon,county,Roscommon,One bed,362.03
2016H1,Roscommon,county,Roscommon,One bed,387.22
2016H2,Roscommon,county,Roscommon,One bed,402.37
2017H1,Roscommon,county,Roscommon,One bed,404.53
2017H2,Roscommon,county,Roscommon,One bed,417.09
2018H1,Roscommon,county,Roscommon,One bed,448.2
2018H2,Roscommon,county,Roscommon,One bed,467.44
2019H1,Roscommon,county,Roscommon,One bed,510.18
2019H2,Roscommon,county,Roscommon,One bed,524.32
2020H1,Roscommon,county,Roscommon,One bed,528.22
2020H2,Roscommon,county,Roscommon,One bed,528.28
2021H1,Roscommon,county,Roscommon,One bed,527.09
2021H2,Roscommon,county,Roscommon,One bed,544.5
2022H1,Roscommon,county,Roscommon,One bed,566.47
2022H2,Roscommon,county,Roscommon,One bed,580.77
2023H1,Roscommon,county,Roscommon,One bed,607.61
2023H2,Roscommon,county,Roscommon,One bed,632.24
2024H1,Roscommon,county,Roscommon,One bed,684.7
2024H2,Roscommon,county,Roscommon,One bed,739.26
2025H1,Roscommon,county,Roscommon,One bed,766.72
2025H2,Roscommon,county,Roscommon,One bed,779.24
2008H1,Roscommon,county,Roscommon,Three bed,649.19
2008H2,Roscommon,county,Roscommon,Three bed,627.58
2009H1,Roscommon,county,Roscommon,Three bed,583.61
2009H2,Roscommon,county,Roscommon,Three bed,556.14
2010H1,Roscommon,county,Roscommon,Three bed,521.72
2010H2,Roscommon,county,Roscommon,Three bed,508.62
2011H1,Roscommon,county,Roscommon,Three bed,496.3
2011H2,Roscommon,county,Roscommon,Three bed,490.34
2012H1,Roscommon,county,Roscommon,Three bed,476.4
2012H2,Roscommon,county,Roscommon,Three bed,466.36
2013H1,Roscommon,county,Roscommon,Three bed,454.57
2013H2,Roscommon,county,Roscommon,Three bed,459.23
2014H1,Roscommon,county,Roscommon,Three bed,463.54
2014H2,Roscommon,county,Roscommon,Three bed,464.35
2015H1,Roscommon,county,Roscommon,Three bed,467.06
2015H2,Roscommon,county,Roscommon,Three bed,474.83
2016H1,Roscommon,county,Roscommon,Three bed,496.07
2016H2,Roscommon,county,Roscommon,Three bed,502.41
2017H1,Roscommon,county,Roscommon,Three bed,530.95
2017H2,Roscommon,county,Roscommon,Three bed,548.97
2018H1,Roscommon,county,Roscommon,Three bed,579.15
2018H2,Roscommon,county,Roscommon,Three bed,608.67
2019H1,Roscommon,county,Roscommon,Three bed,643.61
2019H2,Roscommon,county,Roscommon,Three bed,656.81
2020H1,Roscommon,county,Roscommon,Three bed,670.61
2020H2,Roscommon,county,Roscommon,Three bed,683.87
2021H1,Roscommon,county,Roscommon,Three bed,717.53
2021H2,Roscommon,county,Roscommon,Three bed,737.49
2022H1,Roscommon,county,Roscommon,Three bed,790.01
2022H2,Roscommon,county,Roscommon,Three bed,837.31
2023H1,Roscommon,county,Roscommon,Three bed,881.08
2023H2,Roscommon,county,Roscommon,Three bed,916.51
2024H1,Roscommon,county,Roscommon,Three bed,1000.12
2024H2,Roscommon,county,Roscommon,Three bed,1028.78
2025H1,Roscommon,county,Roscommon,Three bed,1117.33
2025H2,Roscommon,county,Roscommon,Three bed,1158.98
2008H1,Roscommon,county,Roscommon,Two bed,568.9
2008H2,Roscommon,county,Roscommon,Two bed,560.16
2009H1,Roscommon,county,Roscommon,Two bed,539.08
2009H2,Roscommon,county,Roscommon,Two bed,508.3
2010H1,Roscommon,county,Roscommon,Two bed,479.65
2010H2,Roscommon,county,Roscommon,Two bed,457.12
2011H1,Roscommon,county,Roscommon,Two bed,451.59
2011H2,Roscommon,county,Roscommon,Two bed,441.6
2012H1,Roscommon,county,Roscommon,Two bed,439.12
2012H2,Roscommon,county,Roscommon,Two bed,423.8
2013H1,Roscommon,county,Roscommon,Two bed,408.81
2013H2,Roscommon,county,Roscommon,Two bed,398.29
2014H1,Roscommon,county,Roscommon,Two bed,408.14
2014H2,Roscommon,county,Roscommon,Two bed,417.56
2015H1,Roscommon,county,Roscommon,Two bed,426.1
2015H2,Roscommon,county,Roscommon,Two bed,423.19
2016H1,Roscommon,county,Roscommon,Two bed,428.47
2016H2,Roscommon,county,Roscommon,Two bed,438.33
2017H1,Roscommon,county,Roscommon,Two bed,464.05
2017H2,Roscommon,county,Roscommon,Two bed,492.09
2018H1,Roscommon,county,Roscommon,Two bed,521.43
2018H2,Roscommon,county,Roscommon,Two bed,535.94
2019H1,Roscommon,county,Roscommon,Two bed,548.55
2019H2,Roscommon,county,Roscommon,Two bed,577.07
2020H1,Roscommon,county,Roscommon,Two bed,589.88
2020H2,Roscommon,county,Roscommon,Two bed,601.83
2021H1,Roscommon,county,Roscommon,Two bed,626.98
2021H2,Roscommon,county,Roscommon,Two bed,657.31
2022H1,Roscommon,county,Roscommon,Two bed,694.39
2022H2,Roscommon,county,Roscommon,Two bed,727.72
2023H1,Roscommon,county,Roscommon,Two bed,763.31
2023H2,Roscommon,county,Roscommon,Two bed,805.67
2024H1,Roscommon,county,Roscommon,Two bed,871.79
2024H2,Roscommon,county,Roscommon,Two bed,922.76
2025H1,Roscommon,county,Roscommon,Two bed,987.29
2025H2,Roscommon,county,Roscommon,Two bed,1012.87
2008H1,Sligo,county,Sligo,All bedrooms,673.89
2008H2,Sligo,county,Sligo,All bedrooms,640.01
2009H1,Sligo,county,Sligo,All bedrooms,617.88
2009H2,Sligo,county,Sligo,All bedrooms,584.01
2010H1,Sligo,county,Sligo,All bedrooms,542.29
2010H2,Sligo,county,Sligo,All bedrooms,556.52
2011H1,Sligo,county,Sligo,All bedrooms,550.31
2011H2,Sligo,county,Sligo,All bedrooms,560.6
2012H1,Sligo,county,Sligo,All bedrooms,541.3
2012H2,Sligo,county,Sligo,All bedrooms,581.19
2013H1,Sligo,county,Sligo,All bedrooms,541.64
2013H2,Sligo,county,Sligo,All bedrooms,638.71
2014H1,Sligo,county,Sligo,All bedrooms,574.82
2014H2,Sligo,county,Sligo,All bedrooms,696.91
2015H1,Sligo,county,Sligo,All bedrooms,554.77
2015H2,Sligo,county,Sligo,All bedrooms,766.36
2016H1,Sligo,county,Sligo,All bedrooms,603.36
2016H2,Sligo,county,Sligo,All bedrooms,659.9
2017H1,Sligo,county,Sligo,All bedrooms,616.32
2017H2,Sligo,county,Sligo,All bedrooms,662.63
2018H1,Sligo,county,Sligo,All bedrooms,658.44
2018H2,Sligo,county,Sligo,All bedrooms,698.41
2019H1,Sligo,county,Sligo,All bedrooms,695.12
2019H2,Sligo,county,Sligo,All bedrooms,771.32
2020H1,Sligo,county,Sligo,All bedrooms,725.3
2020H2,Sligo,county,Sligo,All bedrooms,754.18
2021H1,Sligo,county,Sligo,All bedrooms,749.5
2021H2,Sligo,county,Sligo,All bedrooms,790.56
2022H1,Sligo,county,Sligo,All bedrooms,823.69
2022H2,Sligo,county,Sligo,All bedrooms,884.97
2023H1,Sligo,county,Sligo,All bedrooms,904.95
2023H2,Sligo,county,Sligo,All bedrooms,968.82
2024H1,Sligo,county,Sligo,All bedrooms,992.0
2024H2,Sligo,county,Sligo,All bedrooms,1056.65
2025H1,Sligo,county,Sligo,All bedrooms,1085.36
2025H2,Sligo,county,Sligo,All bedrooms,1180.19
2008H1,Sligo,county,Sligo,Four plus bed,758.69
2008H2,Sligo,county,Sligo,Four plus bed,739.47
2009H1,Sligo,county,Sligo,Four plus bed,689.7
2009H2,Sligo,county,Sligo,Four plus bed,662.2
2010H1,Sligo,county,Sligo,Four plus bed,615.11
2010H2,Sligo,county,Sligo,Four plus bed,623.06
2011H1,Sligo,county,Sligo,Four plus bed,611.31
2011H2,Sligo,county,Sligo,Four plus bed,633.35
2012H1,Sligo,county,Sligo,Four plus bed,611.56
2012H2,Sligo,county,Sligo,Four plus bed,655.84
2013H1,Sligo,county,Sligo,Four plus bed,617.98
2013H2,Sligo,county,Sligo,Four plus bed,713.55
2014H1,Sligo,county,Sligo,Four plus bed,631.67
2014H2,Sligo,county,Sligo,Four plus bed,687.99
2015H1,Sligo,county,Sligo,Four plus bed,638.87
2015H2,Sligo,county,Sligo,Four plus bed,697.53
2016H1,Sligo,county,Sligo,Four plus bed,669.43
2016H2,Sligo,county,Sligo,Four plus bed,761.26
2017H1,Sligo,county,Sligo,Four plus bed,722.1
2017H2,Sligo,county,Sligo,Four plus bed,766.95
2018H1,Sligo,county,Sligo,Four plus bed,754.88
2018H2,Sligo,county,Sligo,Four plus bed,804.72
2019H1,Sligo,county,Sligo,Four plus bed,801.54
2019H2,Sligo,county,Sligo,Four plus bed,1007.76
2020H1,Sligo,county,Sligo,Four plus bed,829.6
2020H2,Sligo,county,Sligo,Four plus bed,851.08
2021H1,Sligo,county,Sligo,Four plus bed,830.38
2021H2,Sligo,county,Sligo,Four plus bed,927.11
2022H1,Sligo,county,Sligo,Four plus bed,963.37
2022H2,Sligo,county,Sligo,Four plus bed,1090.11
2023H1,Sligo,county,Sligo,Four plus bed,1097.74
2023H2,Sligo,county,Sligo,Four plus bed,1177.31
2024H1,Sligo,county,Sligo,Four plus bed,1154.0
2024H2,Sligo,county,Sligo,Four plus bed,1249.42
2025H1,Sligo,county,Sligo,Four plus bed,1283.54
2025H2,Sligo,county,Sligo,Four plus bed,1502.71
2008H1,Sligo,county,Sligo,One bed,551.14
2008H2,Sligo,county,Sligo,One bed,525.97
2009H1,Sligo,county,Sligo,One bed,511.55
2009H2,Sligo,county,Sligo,One bed,494.63
2010H1,Sligo,county,Sligo,One bed,482.14
2010H2,Sligo,county,Sligo,One bed,450.67
2011H1,Sligo,county,Sligo,One bed,438.38
2011H2,Sligo,county,Sligo,One bed,442.29
2012H1,Sligo,county,Sligo,One bed,453.72
2012H2,Sligo,county,Sligo,One bed,462.09
2013H1,Sligo,county,Sligo,One bed,460.37
2013H2,Sligo,county,Sligo,One bed,475.45
2014H1,Sligo,county,Sligo,One bed,454.92
2014H2,Sligo,county,Sligo,One bed,464.58
2015H1,Sligo,county,Sligo,One bed,470.39
2015H2,Sligo,county,Sligo,One bed,505.53
2016H1,Sligo,county,Sligo,One bed,513.63
2016H2,Sligo,county,Sligo,One bed,507.67
2017H1,Sligo,county,Sligo,One bed,509.96
2017H2,Sligo,county,Sligo,One bed,526.94
2018H1,Sligo,county,Sligo,One bed,536.31
2018H2,Sligo,county,Sligo,One bed,557.58
2019H1,Sligo,county,Sligo,One bed,553.34
2019H2,Sligo,county,Sligo,One bed,572.15
2020H1,Sligo,county,Sligo,One bed,567.6
2020H2,Sligo,county,Sligo,One bed,618.11
2021H1,Sligo,county,Sligo,One bed,620.77
2021H2,Sligo,county,Sligo,One bed,636.18
2022H1,Sligo,county,Sligo,One bed,650.85
2022H2,Sligo,county,Sligo,One bed,680.86
2023H1,Sligo,county,Sligo,One bed,700.91
2023H2,Sligo,county,Sligo,One bed,736.16
2024H1,Sligo,county,Sligo,One bed,785.84
2024H2,Sligo,county,Sligo,One bed,829.02
2025H1,Sligo,county,Sligo,One bed,833.09
2025H2,Sligo,county,Sligo,One bed,838.13
2008H1,Sligo,county,Sligo,Three bed,675.65
2008H2,Sligo,county,Sligo,Three bed,630.85
2009H1,Sligo,county,Sligo,Three bed,621.45
2009H2,Sligo,county,Sligo,Three bed,577.04
2010H1,Sligo,county,Sligo,Three bed,515.83
2010H2,Sligo,county,Sligo,Three bed,559.93
2011H1,Sligo,county,Sligo,Three bed,561.32
2011H2,Sligo,county,Sligo,Three bed,574.88
2012H1,Sligo,county,Sligo,Three bed,538.57
2012H2,Sligo,county,Sligo,Three bed,603.19
2013H1,Sligo,county,Sligo,Three bed,535.55
2013H2,Sligo,county,Sligo,Three bed,686.9
2014H1,Sligo,county,Sligo,Three bed,602.72
2014H2,Sligo,county,Sligo,Three bed,663.27
2015H1,Sligo,county,Sligo,Three bed,552.73
2015H2,Sligo,county,Sligo,Three bed,827.44
2016H1,Sligo,county,Sligo,Three bed,593.6
2016H2,Sligo,county,Sligo,Three bed,674.91
2017H1,Sligo,county,Sligo,Three bed,623.68
2017H2,Sligo,county,Sligo,Three bed,677.98
2018H1,Sligo,county,Sligo,Three bed,663.49
2018H2,Sligo,county,Sligo,Three bed,705.63
2019H1,Sligo,county,Sligo,Three bed,698.88
2019H2,Sligo,county,Sligo,Three bed,746.24
2020H1,Sligo,county,Sligo,Three bed,733.66
2020H2,Sligo,county,Sligo,Three bed,770.7
2021H1,Sligo,county,Sligo,Three bed,763.3
2021H2,Sligo,county,Sligo,Three bed,800.82
2022H1,Sligo,county,Sligo,Three bed,847.0
2022H2,Sligo,county,Sligo,Three bed,896.52
2023H1,Sligo,county,Sligo,Three bed,930.15
2023H2,Sligo,county,Sligo,Three bed,995.85
2024H1,Sligo,county,Sligo,Three bed,1034.84
2024H2,Sligo,county,Sligo,Three bed,1090.11
2025H1,Sligo,county,Sligo,Three bed,1124.8
2025H2,Sligo,county,Sligo,Three bed,1192.04
2008H1,Sligo,county,Sligo,Two bed,648.85
2008H2,Sligo,county,Sligo,Two bed,618.93
2009H1,Sligo,county,Sligo,Two bed,591.14
2009H2,Sligo,county,Sligo,Two bed,561.46
2010H1,Sligo,county,Sligo,Two bed,541.59
2010H2,Sligo,county,Sligo,Two bed,528.96
2011H1,Sligo,county,Sligo,Two bed,519.58
2011H2,Sligo,county,Sligo,Two bed,516.64
2012H1,Sligo,county,Sligo,Two bed,514.0
2012H2,Sligo,county,Sligo,Two bed,521.82
2013H1,Sligo,county,Sligo,Two bed,498.24
2013H2,Sligo,county,Sligo,Two bed,520.03
2014H1,Sligo,county,Sligo,Two bed,502.78
2014H2,Sligo,county,Sligo,Two bed,818.89
2015H1,Sligo,county,Sligo,Two bed,514.72
2015H2,Sligo,county,Sligo,Two bed,788.9
2016H1,Sligo,county,Sligo,Two bed,595.18
2016H2,Sligo,county,Sligo,Two bed,599.15
2017H1,Sligo,county,Sligo,Two bed,567.02
2017H2,Sligo,county,Sligo,Two bed,597.63
2018H1,Sligo,county,Sligo,Two bed,614.41
2018H2,Sligo,county,Sligo,Two bed,641.53
2019H1,Sligo,county,Sligo,Two bed,660.57
2019H2,Sligo,county,Sligo,Two bed,684.9
2020H1,Sligo,county,Sligo,Two bed,682.88
2020H2,Sligo,county,Sligo,Two bed,700.8
2021H1,Sligo,county,Sligo,Two bed,713.93
2021H2,Sligo,county,Sligo,Two bed,736.09
2022H1,Sligo,county,Sligo,Two bed,755.58
2022H2,Sligo,county,Sligo,Two bed,787.37
2023H1,Sligo,county,Sligo,Two bed,808.64
2023H2,Sligo,county,Sligo,Two bed,864.51
2024H1,Sligo,county,Sligo,Two bed,910.03
2024H2,Sligo,county,Sligo,Two bed,971.38
2025H1,Sligo,county,Sligo,Two bed,1006.91
2025H2,Sligo,county,Sligo,Two bed,1038.16
2008H1,Tipperary,county,Tipperary,All bedrooms,678.51
2008H2,Tipperary,county,Tipperary,All bedrooms,672.88
2009H1,Tipperary,county,Tipperary,All bedrooms,654.17
2009H2,Tipperary,county,Tipperary,All bedrooms,630.19
2010H1,Tipperary,county,Tipperary,All bedrooms,600.49
2010H2,Tipperary,county,Tipperary,All bedrooms,584.42
2011H1,Tipperary,county,Tipperary,All bedrooms,574.22
2011H2,Tipperary,county,Tipperary,All bedrooms,565.51
2012H1,Tipperary,county,Tipperary,All bedrooms,555.73
2012H2,Tipperary,county,Tipperary,All bedrooms,547.69
2013H1,Tipperary,county,Tipperary,All bedrooms,535.66
2013H2,Tipperary,county,Tipperary,All bedrooms,538.52
2014H1,Tipperary,county,Tipperary,All bedrooms,541.96
2014H2,Tipperary,county,Tipperary,All bedrooms,544.1
2015H1,Tipperary,county,Tipperary,All bedrooms,548.12
2015H2,Tipperary,county,Tipperary,All bedrooms,553.43
2016H1,Tipperary,county,Tipperary,All bedrooms,561.46
2016H2,Tipperary,county,Tipperary,All bedrooms,575.9
2017H1,Tipperary,county,Tipperary,All bedrooms,597.36
2017H2,Tipperary,county,Tipperary,All bedrooms,613.94
2018H1,Tipperary,county,Tipperary,All bedrooms,633.29
2018H2,Tipperary,county,Tipperary,All bedrooms,650.55
2019H1,Tipperary,county,Tipperary,All bedrooms,670.02
2019H2,Tipperary,county,Tipperary,All bedrooms,689.71
2020H1,Tipperary,county,Tipperary,All bedrooms,701.67
2020H2,Tipperary,county,Tipperary,All bedrooms,713.03
2021H1,Tipperary,county,Tipperary,All bedrooms,723.89
2021H2,Tipperary,county,Tipperary,All bedrooms,740.93
2022H1,Tipperary,county,Tipperary,All bedrooms,775.12
2022H2,Tipperary,county,Tipperary,All bedrooms,821.06
2023H1,Tipperary,county,Tipperary,All bedrooms,846.92
2023H2,Tipperary,county,Tipperary,All bedrooms,884.65
2024H1,Tipperary,county,Tipperary,All bedrooms,933.38
2024H2,Tipperary,county,Tipperary,All bedrooms,988.48
2025H1,Tipperary,county,Tipperary,All bedrooms,1056.08
2025H2,Tipperary,county,Tipperary,All bedrooms,1091.71
2008H1,Tipperary,county,Tipperary,Four plus bed,752.17
2008H2,Tipperary,county,Tipperary,Four plus bed,755.26
2009H1,Tipperary,county,Tipperary,Four plus bed,744.1
2009H2,Tipperary,county,Tipperary,Four plus bed,715.86
2010H1,Tipperary,county,Tipperary,Four plus bed,689.72
2010H2,Tipperary,county,Tipperary,Four plus bed,677.35
2011H1,Tipperary,county,Tipperary,Four plus bed,681.95
2011H2,Tipperary,county,Tipperary,Four plus bed,671.24
2012H1,Tipperary,county,Tipperary,Four plus bed,655.53
2012H2,Tipperary,county,Tipperary,Four plus bed,646.64
2013H1,Tipperary,county,Tipperary,Four plus bed,634.12
2013H2,Tipperary,county,Tipperary,Four plus bed,642.11
2014H1,Tipperary,county,Tipperary,Four plus bed,643.12
2014H2,Tipperary,county,Tipperary,Four plus bed,647.25
2015H1,Tipperary,county,Tipperary,Four plus bed,651.24
2015H2,Tipperary,county,Tipperary,Four plus bed,658.2
2016H1,Tipperary,county,Tipperary,Four plus bed,666.32
2016H2,Tipperary,county,Tipperary,Four plus bed,690.28
2017H1,Tipperary,county,Tipperary,Four plus bed,718.99
2017H2,Tipperary,county,Tipperary,Four plus bed,739.54
2018H1,Tipperary,county,Tipperary,Four plus bed,752.4
2018H2,Tipperary,county,Tipperary,Four plus bed,771.65
2019H1,Tipperary,county,Tipperary,Four plus bed,801.68
2019H2,Tipperary,county,Tipperary,Four plus bed,833.01
2020H1,Tipperary,county,Tipperary,Four plus bed,864.89
2020H2,Tipperary,county,Tipperary,Four plus bed,872.07
2021H1,Tipperary,county,Tipperary,Four plus bed,868.38
2021H2,Tipperary,county,Tipperary,Four plus bed,886.88
2022H1,Tipperary,county,Tipperary,Four plus bed,937.78
2022H2,Tipperary,county,Tipperary,Four plus bed,1000.66
2023H1,Tipperary,county,Tipperary,Four plus bed,1024.41
2023H2,Tipperary,county,Tipperary,Four plus bed,1097.88
2024H1,Tipperary,county,Tipperary,Four plus bed,1143.79
2024H2,Tipperary,county,Tipperary,Four plus bed,1223.5
2025H1,Tipperary,county,Tipperary,Four plus bed,1357.95
2025H2,Tipperary,county,Tipperary,Four plus bed,1387.43
2008H1,Tipperary,county,Tipperary,One bed,496.03
2008H2,Tipperary,county,Tipperary,One bed,498.34
2009H1,Tipperary,county,Tipperary,One bed,494.32
2009H2,Tipperary,county,Tipperary,One bed,482.86
2010H1,Tipperary,county,Tipperary,One bed,457.95
2010H2,Tipperary,county,Tipperary,One bed,450.1
2011H1,Tipperary,county,Tipperary,One bed,441.48
2011H2,Tipperary,county,Tipperary,One bed,434.52
2012H1,Tipperary,county,Tipperary,One bed,424.58
2012H2,Tipperary,county,Tipperary,One bed,414.23
2013H1,Tipperary,county,Tipperary,One bed,398.09
2013H2,Tipperary,county,Tipperary,One bed,396.18
2014H1,Tipperary,county,Tipperary,One bed,394.12
2014H2,Tipperary,county,Tipperary,One bed,404.1
2015H1,Tipperary,county,Tipperary,One bed,404.99
2015H2,Tipperary,county,Tipperary,One bed,414.14
2016H1,Tipperary,county,Tipperary,One bed,421.76
2016H2,Tipperary,county,Tipperary,One bed,432.96
2017H1,Tipperary,county,Tipperary,One bed,444.65
2017H2,Tipperary,county,Tipperary,One bed,456.61
2018H1,Tipperary,county,Tipperary,One bed,479.03
2018H2,Tipperary,county,Tipperary,One bed,489.21
2019H1,Tipperary,county,Tipperary,One bed,506.11
2019H2,Tipperary,county,Tipperary,One bed,517.24
2020H1,Tipperary,county,Tipperary,One bed,520.01
2020H2,Tipperary,county,Tipperary,One bed,528.68
2021H1,Tipperary,county,Tipperary,One bed,530.56
2021H2,Tipperary,county,Tipperary,One bed,544.33
2022H1,Tipperary,county,Tipperary,One bed,574.61
2022H2,Tipperary,county,Tipperary,One bed,632.46
2023H1,Tipperary,county,Tipperary,One bed,658.8
2023H2,Tipperary,county,Tipperary,One bed,674.05
2024H1,Tipperary,county,Tipperary,One bed,698.8
2024H2,Tipperary,county,Tipperary,One bed,717.09
2025H1,Tipperary,county,Tipperary,One bed,708.69
2025H2,Tipperary,county,Tipperary,One bed,742.98
2008H1,Tipperary,county,Tipperary,Three bed,718.92
2008H2,Tipperary,county,Tipperary,Three bed,713.69
2009H1,Tipperary,county,Tipperary,Three bed,685.66
2009H2,Tipperary,county,Tipperary,Three bed,661.3
2010H1,Tipperary,county,Tipperary,Three bed,629.18
2010H2,Tipperary,county,Tipperary,Three bed,611.91
2011H1,Tipperary,county,Tipperary,Three bed,593.5
2011H2,Tipperary,county,Tipperary,Three bed,580.79
2012H1,Tipperary,county,Tipperary,Three bed,568.9
2012H2,Tipperary,county,Tipperary,Three bed,566.22
2013H1,Tipperary,county,Tipperary,Three bed,558.02
2013H2,Tipperary,county,Tipperary,Three bed,561.15
2014H1,Tipperary,county,Tipperary,Three bed,562.23
2014H2,Tipperary,county,Tipperary,Three bed,565.6
2015H1,Tipperary,county,Tipperary,Three bed,573.64
2015H2,Tipperary,county,Tipperary,Three bed,579.77
2016H1,Tipperary,county,Tipperary,Three bed,590.81
2016H2,Tipperary,county,Tipperary,Three bed,604.43
2017H1,Tipperary,county,Tipperary,Three bed,629.67
2017H2,Tipperary,county,Tipperary,Three bed,648.22
2018H1,Tipperary,county,Tipperary,Three bed,669.75
2018H2,Tipperary,county,Tipperary,Three bed,687.93
2019H1,Tipperary,county,Tipperary,Three bed,704.34
2019H2,Tipperary,county,Tipperary,Three bed,721.49
2020H1,Tipperary,county,Tipperary,Three bed,732.67
2020H2,Tipperary,county,Tipperary,Three bed,745.52
2021H1,Tipperary,county,Tipperary,Three bed,767.28
2021H2,Tipperary,county,Tipperary,Three bed,784.48
2022H1,Tipperary,county,Tipperary,Three bed,822.72
2022H2,Tipperary,county,Tipperary,Three bed,876.38
2023H1,Tipperary,county,Tipperary,Three bed,910.26
2023H2,Tipperary,county,Tipperary,Three bed,950.37
2024H1,Tipperary,county,Tipperary,Three bed,995.06
2024H2,Tipperary,county,Tipperary,Three bed,1046.81
2025H1,Tipperary,county,Tipperary,Three bed,1114.45
2025H2,Tipperary,county,Tipperary,Three bed,1148.88
2008H1,Tipperary,county,Tipperary,Two bed,628.97
2008H2,Tipperary,county,Tipperary,Two bed,619.71
2009H1,Tipperary,county,Tipperary,Two bed,598.63
2009H2,Tipperary,county,Tipperary,Two bed,576.78
2010H1,Tipperary,county,Tipperary,Two bed,546.61
2010H2,Tipperary,county,Tipperary,Two bed,525.89
2011H1,Tipperary,county,Tipperary,Two bed,508.97
2011H2,Tipperary,county,Tipperary,Two bed,501.6
2012H1,Tipperary,county,Tipperary,Two bed,490.34
2012H2,Tipperary,county,Tipperary,Two bed,480.83
2013H1,Tipperary,county,Tipperary,Two bed,474.52
2013H2,Tipperary,county,Tipperary,Two bed,484.67
2014H1,Tipperary,county,Tipperary,Two bed,493.2
2014H2,Tipperary,county,Tipperary,Two bed,496.14
2015H1,Tipperary,county,Tipperary,Two bed,494.58
2015H2,Tipperary,county,Tipperary,Two bed,503.01
2016H1,Tipperary,county,Tipperary,Two bed,511.85
2016H2,Tipperary,county,Tipperary,Two bed,524.1
2017H1,Tipperary,county,Tipperary,Two bed,544.56
2017H2,Tipperary,county,Tipperary,Two bed,557.29
2018H1,Tipperary,county,Tipperary,Two bed,574.78
2018H2,Tipperary,county,Tipperary,Two bed,593.08
2019H1,Tipperary,county,Tipperary,Two bed,618.61
2019H2,Tipperary,county,Tipperary,Two bed,630.13
2020H1,Tipperary,county,Tipperary,Two bed,640.32
2020H2,Tipperary,county,Tipperary,Two bed,649.84
2021H1,Tipperary,county,Tipperary,Two bed,664.4
2021H2,Tipperary,county,Tipperary,Two bed,681.5
2022H1,Tipperary,county,Tipperary,Two bed,715.71
2022H2,Tipperary,county,Tipperary,Two bed,741.52
2023H1,Tipperary,county,Tipperary,Two bed,757.98
2023H2,Tipperary,county,Tipperary,Two bed,789.63
2024H1,Tipperary,county,Tipperary,Two bed,851.65
2024H2,Tipperary,county,Tipperary,Two bed,901.59
2025H1,Tipperary,county,Tipperary,Two bed,966.25
2025H2,Tipperary,county,Tipperary,Two bed,999.58
2008H1,Waterford,county,Waterford,All bedrooms,710.52
2008H2,Waterford,county,Waterford,All bedrooms,684.02
2009H1,Waterford,county,Waterford,All bedrooms,671.61
2009H2,Waterford,county,Waterford,All bedrooms,632.02
2010H1,Waterford,county,Waterford,All bedrooms,610.49
2010H2,Waterford,county,Waterford,All bedrooms,581.96
2011H1,Waterford,county,Waterford,All bedrooms,587.0
2011H2,Waterford,county,Waterford,All bedrooms,581.79
2012H1,Waterford,county,Waterford,All bedrooms,572.7
2012H2,Waterford,county,Waterford,All bedrooms,567.72
2013H1,Waterford,county,Waterford,All bedrooms,551.81
2013H2,Waterford,county,Waterford,All bedrooms,555.08
2014H1,Waterford,county,Waterford,All bedrooms,544.48
2014H2,Waterford,county,Waterford,All bedrooms,561.2
2015H1,Waterford,county,Waterford,All bedrooms,557.78
2015H2,Waterford,county,Waterford,All bedrooms,583.28
2016H1,Waterford,county,Waterford,All bedrooms,592.6
2016H2,Waterford,county,Waterford,All bedrooms,626.88
2017H1,Waterford,county,Waterford,All bedrooms,647.45
2017H2,Waterford,county,Waterford,All bedrooms,689.25
2018H1,Waterford,county,Waterford,All bedrooms,716.33
2018H2,Waterford,county,Waterford,All bedrooms,754.85
2019H1,Waterford,county,Waterford,All bedrooms,769.84
2019H2,Waterford,county,Waterford,All bedrooms,804.84
2020H1,Waterford,county,Waterford,All bedrooms,803.52
2020H2,Waterford,county,Waterford,All bedrooms,822.1
2021H1,Waterford,county,Waterford,All bedrooms,836.09
2021H2,Waterford,county,Waterford,All bedrooms,897.56
2022H1,Waterford,county,Waterford,All bedrooms,875.12
2022H2,Waterford,county,Waterford,All bedrooms,1005.36
2023H1,Waterford,county,Waterford,All bedrooms,990.13
2023H2,Waterford,county,Waterford,All bedrooms,1093.46
2024H1,Waterford,county,Waterford,All bedrooms,1065.95
2024H2,Waterford,county,Waterford,All bedrooms,1145.72
2025H1,Waterford,county,Waterford,All bedrooms,1147.66
2025H2,Waterford,county,Waterford,All bedrooms,1266.26
2008H1,Waterford,county,Waterford,Four plus bed,852.55
2008H2,Waterford,county,Waterford,Four plus bed,820.78
2009H1,Waterford,county,Waterford,Four plus bed,804.49
2009H2,Waterford,county,Waterford,Four plus bed,772.71
2010H1,Waterford,county,Waterford,Four plus bed,734.3
2010H2,Waterford,county,Waterford,Four plus bed,715.32
2011H1,Waterford,county,Waterford,Four plus bed,692.14
2011H2,Waterford,county,Waterford,Four plus bed,698.45
2012H1,Waterford,county,Waterford,Four plus bed,686.32
2012H2,Waterford,county,Waterford,Four plus bed,713.4
2013H1,Waterford,county,Waterford,Four plus bed,682.73
2013H2,Waterford,county,Waterford,Four plus bed,708.99
2014H1,Waterford,county,Waterford,Four plus bed,677.98
2014H2,Waterford,county,Waterford,Four plus bed,738.62
2015H1,Waterford,county,Waterford,Four plus bed,714.26
2015H2,Waterford,county,Waterford,Four plus bed,767.77
2016H1,Waterford,county,Waterford,Four plus bed,765.02
2016H2,Waterford,county,Waterford,Four plus bed,833.58
2017H1,Waterford,county,Waterford,Four plus bed,819.6
2017H2,Waterford,county,Waterford,Four plus bed,882.63
2018H1,Waterford,county,Waterford,Four plus bed,882.15
2018H2,Waterford,county,Waterford,Four plus bed,956.57
2019H1,Waterford,county,Waterford,Four plus bed,966.03
2019H2,Waterford,county,Waterford,Four plus bed,1027.65
2020H1,Waterford,county,Waterford,Four plus bed,1005.21
2020H2,Waterford,county,Waterford,Four plus bed,1042.04
2021H1,Waterford,county,Waterford,Four plus bed,1048.66
2021H2,Waterford,county,Waterford,Four plus bed,1183.06
2022H1,Waterford,county,Waterford,Four plus bed,1054.54
2022H2,Waterford,county,Waterford,Four plus bed,1433.91
2023H1,Waterford,county,Waterford,Four plus bed,1312.61
2023H2,Waterford,county,Waterford,Four plus bed,1577.57
2024H1,Waterford,county,Waterford,Four plus bed,1411.79
2024H2,Waterford,county,Waterford,Four plus bed,1550.24
2025H1,Waterford,county,Waterford,Four plus bed,1432.23
2025H2,Waterford,county,Waterford,Four plus bed,1750.61
2008H1,Waterford,county,Waterford,One bed,584.93
2008H2,Waterford,county,Waterford,One bed,552.03
2009H1,Waterford,county,Waterford,One bed,518.66
2009H2,Waterford,county,Waterford,One bed,501.17
2010H1,Waterford,county,Waterford,One bed,489.19
2010H2,Waterford,county,Waterford,One bed,468.6
2011H1,Waterford,county,Waterford,One bed,463.3
2011H2,Waterford,county,Waterford,One bed,463.0
2012H1,Waterford,county,Waterford,One bed,451.53
2012H2,Waterford,county,Waterford,One bed,432.41
2013H1,Waterford,county,Waterford,One bed,419.84
2013H2,Waterford,county,Waterford,One bed,426.4
2014H1,Waterford,county,Waterford,One bed,425.69
2014H2,Waterford,county,Waterford,One bed,425.46
2015H1,Waterford,county,Waterford,One bed,425.14
2015H2,Waterford,county,Waterford,One bed,446.64
2016H1,Waterford,county,Waterford,One bed,466.53
2016H2,Waterford,county,Waterford,One bed,491.37
2017H1,Waterford,county,Waterford,One bed,500.33
2017H2,Waterford,county,Waterford,One bed,528.1
2018H1,Waterford,county,Waterford,One bed,557.48
2018H2,Waterford,county,Waterford,One bed,576.89
2019H1,Waterford,county,Waterford,One bed,600.9
2019H2,Waterford,county,Waterford,One bed,627.71
2020H1,Waterford,county,Waterford,One bed,637.88
2020H2,Waterford,county,Waterford,One bed,643.19
2021H1,Waterford,county,Waterford,One bed,661.47
2021H2,Waterford,county,Waterford,One bed,680.77
2022H1,Waterford,county,Waterford,One bed,708.12
2022H2,Waterford,county,Waterford,One bed,760.13
2023H1,Waterford,county,Waterford,One bed,789.88
2023H2,Waterford,county,Waterford,One bed,822.2
2024H1,Waterford,county,Waterford,One bed,848.74
2024H2,Waterford,county,Waterford,One bed,880.71
2025H1,Waterford,county,Waterford,One bed,904.13
2025H2,Waterford,county,Waterford,One bed,922.59
2008H1,Waterford,county,Waterford,Three bed,738.78
2008H2,Waterford,county,Waterford,Three bed,718.49
2009H1,Waterford,county,Waterford,Three bed,709.87
2009H2,Waterford,county,Waterford,Three bed,664.77
2010H1,Waterford,county,Waterford,Three bed,642.06
2010H2,Waterford,county,Waterford,Three bed,604.39
2011H1,Waterford,county,Waterford,Three bed,617.79
2011H2,Waterford,county,Waterford,Three bed,610.25
2012H1,Waterford,county,Waterford,Three bed,605.39
2012H2,Waterford,county,Waterford,Three bed,602.04
2013H1,Waterford,county,Waterford,Three bed,590.94
2013H2,Waterford,county,Waterford,Three bed,586.94
2014H1,Waterford,county,Waterford,Three bed,576.79
2014H2,Waterford,county,Waterford,Three bed,588.11
2015H1,Waterford,county,Waterford,Three bed,592.52
2015H2,Waterford,county,Waterford,Three bed,613.8
2016H1,Waterford,county,Waterford,Three bed,628.18
2016H2,Waterford,county,Waterford,Three bed,640.19
2017H1,Waterford,county,Waterford,Three bed,675.69
2017H2,Waterford,county,Waterford,Three bed,702.51
2018H1,Waterford,county,Waterford,Three bed,748.08
2018H2,Waterford,county,Waterford,Three bed,783.04
2019H1,Waterford,county,Waterford,Three bed,802.08
2019H2,Waterford,county,Waterford,Three bed,822.19
2020H1,Waterford,county,Waterford,Three bed,827.42
2020H2,Waterford,county,Waterford,Three bed,840.34
2021H1,Waterford,county,Waterford,Three bed,858.16
2021H2,Waterford,county,Waterford,Three bed,921.1
2022H1,Waterford,county,Waterford,Three bed,914.55
2022H2,Waterford,county,Waterford,Three bed,1021.69
2023H1,Waterford,county,Waterford,Three bed,1021.67
2023H2,Waterford,county,Waterford,Three bed,1097.26
2024H1,Waterford,county,Waterford,Three bed,1110.34
2024H2,Waterford,county,Waterford,Three bed,1179.68
2025H1,Waterford,county,Waterford,Three bed,1218.16
2025H2,Waterford,county,Waterford,Three bed,1285.04
2008H1,Waterford,county,Waterford,Two bed,687.43
2008H2,Waterford,county,Waterford,Two bed,652.66
2009H1,Waterford,county,Waterford,Two bed,643.93
2009H2,Waterford,county,Waterford,Two bed,592.1
2010H1,Waterford,county,Waterford,Two bed,566.01
2010H2,Waterford,county,Waterford,Two bed,533.69
2011H1,Waterford,county,Waterford,Two bed,536.82
2011H2,Waterford,county,Waterford,Two bed,525.28
2012H1,Waterford,county,Waterford,Two bed,515.35
2012H2,Waterford,county,Waterford,Two bed,507.54
2013H1,Waterford,county,Waterford,Two bed,492.86
2013H2,Waterford,county,Waterford,Two bed,497.53
2014H1,Waterford,county,Waterford,Two bed,495.83
2014H2,Waterford,county,Waterford,Two bed,505.88
2015H1,Waterford,county,Waterford,Two bed,511.18
2015H2,Waterford,county,Waterford,Two bed,527.05
2016H1,Waterford,county,Waterford,Two bed,548.74
2016H2,Waterford,county,Waterford,Two bed,584.63
2017H1,Waterford,county,Waterford,Two bed,614.95
2017H2,Waterford,county,Waterford,Two bed,647.35
2018H1,Waterford,county,Waterford,Two bed,679.14
2018H2,Waterford,county,Waterford,Two bed,701.29
2019H1,Waterford,county,Waterford,Two bed,728.49
2019H2,Waterford,county,Waterford,Two bed,746.02
2020H1,Waterford,county,Waterford,Two bed,766.45
2020H2,Waterford,county,Waterford,Two bed,775.43
2021H1,Waterford,county,Waterford,Two bed,798.33
2021H2,Waterford,county,Waterford,Two bed,824.75
2022H1,Waterford,county,Waterford,Two bed,841.19
2022H2,Waterford,county,Waterford,Two bed,874.5
2023H1,Waterford,county,Waterford,Two bed,903.13
2023H2,Waterford,county,Waterford,Two bed,944.3
2024H1,Waterford,county,Waterford,Two bed,969.11
2024H2,Waterford,county,Waterford,Two bed,1013.55
2025H1,Waterford,county,Waterford,Two bed,1065.0
2025H2,Waterford,county,Waterford,Two bed,1125.93
2008H1,Waterford City,city,Waterford,All bedrooms,718.47
2008H2,Waterford City,city,Waterford,All bedrooms,690.14
2009H1,Waterford City,city,Waterford,All bedrooms,682.74
2009H2,Waterford City,city,Waterford,All bedrooms,638.1
2010H1,Waterford City,city,Waterford,All bedrooms,617.53
2010H2,Waterford City,city,Waterford,All bedrooms,585.42
2011H1,Waterford City,city,Waterford,All bedrooms,593.62
2011H2,Waterford City,city,Waterford,All bedrooms,589.4
2012H1,Waterford City,city,Waterford,All bedrooms,580.27
2012H2,Waterford City,city,Waterford,All bedrooms,575.94
2013H1,Waterford City,city,Waterford,All bedrooms,562.12
2013H2,Waterford City,city,Waterford,All bedrooms,564.82
2014H1,Waterford City,city,Waterford,All bedrooms,549.9
2014H2,Waterford City,city,Waterford,All bedrooms,567.98
2015H1,Waterford City,city,Waterford,All bedrooms,561.97
2015H2,Waterford City,city,Waterford,All bedrooms,594.02
2016H1,Waterford City,city,Waterford,All bedrooms,604.85
2016H2,Waterford City,city,Waterford,All bedrooms,643.96
2017H1,Waterford City,city,Waterford,All bedrooms,661.71
2017H2,Waterford City,city,Waterford,All bedrooms,708.61
2018H1,Waterford City,city,Waterford,All bedrooms,738.57
2018H2,Waterford City,city,Waterford,All bedrooms,783.84
2019H1,Waterford City,city,Waterford,All bedrooms,797.44
2019H2,Waterford City,city,Waterford,All bedrooms,840.26
2020H1,Waterford City,city,Waterford,All bedrooms,834.14
2020H2,Waterford City,city,Waterford,All bedrooms,858.07
2021H1,Waterford City,city,Waterford,All bedrooms,869.27
2021H2,Waterford City,city,Waterford,All bedrooms,953.39
2022H1,Waterford City,city,Waterford,All bedrooms,899.99
2022H2,Waterford City,city,Waterford,All bedrooms,1079.98
2023H1,Waterford City,city,Waterford,All bedrooms,1033.3
2023H2,Waterford City,city,Waterford,All bedrooms,1168.9
2024H1,Waterford City,city,Waterford,All bedrooms,1093.95
2024H2,Waterford City,city,Waterford,All bedrooms,1204.5
2025H1,Waterford City,city,Waterford,All bedrooms,1192.8
2025H2,Waterford City,city,Waterford,All bedrooms,1344.21
2008H1,Waterford City,city,Waterford,Four plus bed,875.95
2008H2,Waterford City,city,Waterford,Four plus bed,840.71
2009H1,Waterford City,city,Waterford,Four plus bed,838.59
2009H2,Waterford City,city,Waterford,Four plus bed,796.59
2010H1,Waterford City,city,Waterford,Four plus bed,752.85
2010H2,Waterford City,city,Waterford,Four plus bed,733.02
2011H1,Waterford City,city,Waterford,Four plus bed,711.84
2011H2,Waterford City,city,Waterford,Four plus bed,720.34
2012H1,Waterford City,city,Waterford,Four plus bed,717.93
2012H2,Waterford City,city,Waterford,Four plus bed,749.75
2013H1,Waterford City,city,Waterford,Four plus bed,713.82
2013H2,Waterford City,city,Waterford,Four plus bed,739.17
2014H1,Waterford City,city,Waterford,Four plus bed,699.77
2014H2,Waterford City,city,Waterford,Four plus bed,773.49
2015H1,Waterford City,city,Waterford,Four plus bed,741.92
2015H2,Waterford City,city,Waterford,Four plus bed,818.49
2016H1,Waterford City,city,Waterford,Four plus bed,815.49
2016H2,Waterford City,city,Waterford,Four plus bed,901.68
2017H1,Waterford City,city,Waterford,Four plus bed,867.48
2017H2,Waterford City,city,Waterford,Four plus bed,939.62
2018H1,Waterford City,city,Waterford,Four plus bed,936.09
2018H2,Waterford City,city,Waterford,Four plus bed,1025.21
2019H1,Waterford City,city,Waterford,Four plus bed,1041.12
2019H2,Waterford City,city,Waterford,Four plus bed,1115.05
2020H1,Waterford City,city,Waterford,Four plus bed,1091.63
2020H2,Waterford City,city,Waterford,Four plus bed,1132.62
2021H1,Waterford City,city,Waterford,Four plus bed,1133.08
2021H2,Waterford City,city,Waterford,Four plus bed,1315.52
2022H1,Waterford City,city,Waterford,Four plus bed,1103.69
2022H2,Waterford City,city,Waterford,Four plus bed,1658.57
2023H1,Waterford City,city,Waterford,Four plus bed,1551.15
2023H2,Waterford City,city,Waterford,Four plus bed,1838.24
2024H1,Waterford City,city,Waterford,Four plus bed,1597.69
2024H2,Waterford City,city,Waterford,Four plus bed,1740.44
2025H1,Waterford City,city,Waterford,Four plus bed,1605.47
2025H2,Waterford City,city,Waterford,Four plus bed,1964.83
2008H1,Waterford City,city,Waterford,One bed,592.72
2008H2,Waterford City,city,Waterford,One bed,556.3
2009H1,Waterford City,city,Waterford,One bed,524.32
2009H2,Waterford City,city,Waterford,One bed,503.85
2010H1,Waterford City,city,Waterford,One bed,488.95
2010H2,Waterford City,city,Waterford,One bed,468.17
2011H1,Waterford City,city,Waterford,One bed,461.41
2011H2,Waterford City,city,Waterford,One bed,461.45
2012H1,Waterford City,city,Waterford,One bed,451.72
2012H2,Waterford City,city,Waterford,One bed,431.17
2013H1,Waterford City,city,Waterford,One bed,425.34
2013H2,Waterford City,city,Waterford,One bed,424.76
2014H1,Waterford City,city,Waterford,One bed,420.15
2014H2,Waterford City,city,Waterford,One bed,419.32
2015H1,Waterford City,city,Waterford,One bed,422.23
2015H2,Waterford City,city,Waterford,One bed,448.16
2016H1,Waterford City,city,Waterford,One bed,468.82
2016H2,Waterford City,city,Waterford,One bed,496.88
2017H1,Waterford City,city,Waterford,One bed,505.18
2017H2,Waterford City,city,Waterford,One bed,533.87
2018H1,Waterford City,city,Waterford,One bed,565.68
2018H2,Waterford City,city,Waterford,One bed,591.66
2019H1,Waterford City,city,Waterford,One bed,615.74
2019H2,Waterford City,city,Waterford,One bed,643.38
2020H1,Waterford City,city,Waterford,One bed,652.77
2020H2,Waterford City,city,Waterford,One bed,658.11
2021H1,Waterford City,city,Waterford,One bed,664.33
2021H2,Waterford City,city,Waterford,One bed,683.96
2022H1,Waterford City,city,Waterford,One bed,712.04
2022H2,Waterford City,city,Waterford,One bed,775.23
2023H1,Waterford City,city,Waterford,One bed,797.71
2023H2,Waterford City,city,Waterford,One bed,810.71
2024H1,Waterford City,city,Waterford,One bed,854.45
2024H2,Waterford City,city,Waterford,One bed,882.31
2025H1,Waterford City,city,Waterford,One bed,908.71
2025H2,Waterford City,city,Waterford,One bed,902.38
2008H1,Waterford City,city,Waterford,Three bed,756.93
2008H2,Waterford City,city,Waterford,Three bed,732.68
2009H1,Waterford City,city,Waterford,Three bed,730.5
2009H2,Waterford City,city,Waterford,Three bed,678.95
2010H1,Waterford City,city,Waterford,Three bed,661.29
2010H2,Waterford City,city,Waterford,Three bed,612.79
2011H1,Waterford City,city,Waterford,Three bed,638.43
2011H2,Waterford City,city,Waterford,Three bed,633.28
2012H1,Waterford City,city,Waterford,Three bed,629.66
2012H2,Waterford City,city,Waterford,Three bed,625.3
2013H1,Waterford City,city,Waterford,Three bed,615.73
2013H2,Waterford City,city,Waterford,Three bed,609.5
2014H1,Waterford City,city,Waterford,Three bed,597.96
2014H2,Waterford City,city,Waterford,Three bed,609.82
2015H1,Waterford City,city,Waterford,Three bed,619.55
2015H2,Waterford City,city,Waterford,Three bed,641.12
2016H1,Waterford City,city,Waterford,Three bed,662.77
2016H2,Waterford City,city,Waterford,Three bed,667.28
2017H1,Waterford City,city,Waterford,Three bed,712.93
2017H2,Waterford City,city,Waterford,Three bed,732.96
2018H1,Waterford City,city,Waterford,Three bed,791.24
2018H2,Waterford City,city,Waterford,Three bed,826.37
2019H1,Waterford City,city,Waterford,Three bed,849.32
2019H2,Waterford City,city,Waterford,Three bed,866.12
2020H1,Waterford City,city,Waterford,Three bed,873.74
2020H2,Waterford City,city,Waterford,Three bed,880.81
2021H1,Waterford City,city,Waterford,Three bed,903.44
2021H2,Waterford City,city,Waterford,Three bed,983.26
2022H1,Waterford City,city,Waterford,Three bed,951.51
2022H2,Waterford City,city,Waterford,Three bed,1086.11
2023H1,Waterford City,city,Waterford,Three bed,1065.44
2023H2,Waterford City,city,Waterford,Three bed,1161.58
2024H1,Waterford City,city,Waterford,Three bed,1133.07
2024H2,Waterford City,city,Waterford,Three bed,1229.59
2025H1,Waterford City,city,Waterford,Three bed,1292.17
2025H2,Waterford City,city,Waterford,Three bed,1343.53
2008H1,Waterford City,city,Waterford,Two bed,697.84
2008H2,Waterford City,city,Waterford,Two bed,659.64
2009H1,Waterford City,city,Waterford,Two bed,655.38
2009H2,Waterford City,city,Waterford,Two bed,597.2
2010H1,Waterford City,city,Waterford,Two bed,570.84
2010H2,Waterford City,city,Waterford,Two bed,536.26
2011H1,Waterford City,city,Waterford,Two bed,542.21
2011H2,Waterford City,city,Waterford,Two bed,530.54
2012H1,Waterford City,city,Waterford,Two bed,518.89
2012H2,Waterford City,city,Waterford,Two bed,511.94
2013H1,Waterford City,city,Waterford,Two bed,496.91
2013H2,Waterford City,city,Waterford,Two bed,501.48
2014H1,Waterford City,city,Waterford,Two bed,500.5
2014H2,Waterford City,city,Waterford,Two bed,507.48
2015H1,Waterford City,city,Waterford,Two bed,511.99
2015H2,Waterford City,city,Waterford,Two bed,531.06
2016H1,Waterford City,city,Waterford,Two bed,557.3
2016H2,Waterford City,city,Waterford,Two bed,600.17
2017H1,Waterford City,city,Waterford,Two bed,633.17
2017H2,Waterford City,city,Waterford,Two bed,668.33
2018H1,Waterford City,city,Waterford,Two bed,707.23
2018H2,Waterford City,city,Waterford,Two bed,730.48
2019H1,Waterford City,city,Waterford,Two bed,760.44
2019H2,Waterford City,city,Waterford,Two bed,780.72
2020H1,Waterford City,city,Waterford,Two bed,805.1
2020H2,Waterford City,city,Waterford,Two bed,817.38
2021H1,Waterford City,city,Waterford,Two bed,839.03
2021H2,Waterford City,city,Waterford,Two bed,872.0
2022H1,Waterford City,city,Waterford,Two bed,890.64
2022H2,Waterford City,city,Waterford,Two bed,920.43
2023H1,Waterford City,city,Waterford,Two bed,940.51
2023H2,Waterford City,city,Waterford,Two bed,983.38
2024H1,Waterford City,city,Waterford,Two bed,1014.58
2024H2,Waterford City,city,Waterford,Two bed,1057.02
2025H1,Waterford City,city,Waterford,Two bed,1112.18
2025H2,Waterford City,city,Waterford,Two bed,1212.81
2008H1,Westmeath,county,Westmeath,All bedrooms,708.3
2008H2,Westmeath,county,Westmeath,All bedrooms,673.03
2009H1,Westmeath,county,Westmeath,All bedrooms,644.09
2009H2,Westmeath,county,Westmeath,All bedrooms,617.85
2010H1,Westmeath,county,Westmeath,All bedrooms,592.81
2010H2,Westmeath,county,Westmeath,All bedrooms,575.91
2011H1,Westmeath,county,Westmeath,All bedrooms,566.89
2011H2,Westmeath,county,Westmeath,All bedrooms,562.91
2012H1,Westmeath,county,Westmeath,All bedrooms,539.16
2012H2,Westmeath,county,Westmeath,All bedrooms,537.79
2013H1,Westmeath,county,Westmeath,All bedrooms,538.44
2013H2,Westmeath,county,Westmeath,All bedrooms,541.18
2014H1,Westmeath,county,Westmeath,All bedrooms,544.29
2014H2,Westmeath,county,Westmeath,All bedrooms,552.63
2015H1,Westmeath,county,Westmeath,All bedrooms,562.87
2015H2,Westmeath,county,Westmeath,All bedrooms,648.99
2016H1,Westmeath,county,Westmeath,All bedrooms,619.1
2016H2,Westmeath,county,Westmeath,All bedrooms,650.73
2017H1,Westmeath,county,Westmeath,All bedrooms,673.65
2017H2,Westmeath,county,Westmeath,All bedrooms,707.63
2018H1,Westmeath,county,Westmeath,All bedrooms,742.12
2018H2,Westmeath,county,Westmeath,All bedrooms,773.39
2019H1,Westmeath,county,Westmeath,All bedrooms,801.16
2019H2,Westmeath,county,Westmeath,All bedrooms,825.91
2020H1,Westmeath,county,Westmeath,All bedrooms,844.32
2020H2,Westmeath,county,Westmeath,All bedrooms,858.83
2021H1,Westmeath,county,Westmeath,All bedrooms,874.77
2021H2,Westmeath,county,Westmeath,All bedrooms,904.38
2022H1,Westmeath,county,Westmeath,All bedrooms,937.92
2022H2,Westmeath,county,Westmeath,All bedrooms,979.6
2023H1,Westmeath,county,Westmeath,All bedrooms,1010.07
2023H2,Westmeath,county,Westmeath,All bedrooms,1072.62
2024H1,Westmeath,county,Westmeath,All bedrooms,1125.58
2024H2,Westmeath,county,Westmeath,All bedrooms,1163.02
2025H1,Westmeath,county,Westmeath,All bedrooms,1212.19
2025H2,Westmeath,county,Westmeath,All bedrooms,1276.17
2008H1,Westmeath,county,Westmeath,Four plus bed,802.98
2008H2,Westmeath,county,Westmeath,Four plus bed,778.09
2009H1,Westmeath,county,Westmeath,Four plus bed,742.83
2009H2,Westmeath,county,Westmeath,Four plus bed,720.15
2010H1,Westmeath,county,Westmeath,Four plus bed,685.65
2010H2,Westmeath,county,Westmeath,Four plus bed,675.88
2011H1,Westmeath,county,Westmeath,Four plus bed,648.35
2011H2,Westmeath,county,Westmeath,Four plus bed,661.74
2012H1,Westmeath,county,Westmeath,Four plus bed,619.91
2012H2,Westmeath,county,Westmeath,Four plus bed,617.5
2013H1,Westmeath,county,Westmeath,Four plus bed,612.49
2013H2,Westmeath,county,Westmeath,Four plus bed,615.31
2014H1,Westmeath,county,Westmeath,Four plus bed,617.94
2014H2,Westmeath,county,Westmeath,Four plus bed,642.13
2015H1,Westmeath,county,Westmeath,Four plus bed,652.92
2015H2,Westmeath,county,Westmeath,Four plus bed,707.34
2016H1,Westmeath,county,Westmeath,Four plus bed,724.5
2016H2,Westmeath,county,Westmeath,Four plus bed,753.91
2017H1,Westmeath,county,Westmeath,Four plus bed,783.02
2017H2,Westmeath,county,Westmeath,Four plus bed,820.44
2018H1,Westmeath,county,Westmeath,Four plus bed,848.0
2018H2,Westmeath,county,Westmeath,Four plus bed,887.56
2019H1,Westmeath,county,Westmeath,Four plus bed,925.18
2019H2,Westmeath,county,Westmeath,Four plus bed,952.43
2020H1,Westmeath,county,Westmeath,Four plus bed,981.34
2020H2,Westmeath,county,Westmeath,Four plus bed,999.9
2021H1,Westmeath,county,Westmeath,Four plus bed,1016.83
2021H2,Westmeath,county,Westmeath,Four plus bed,1044.62
2022H1,Westmeath,county,Westmeath,Four plus bed,1099.01
2022H2,Westmeath,county,Westmeath,Four plus bed,1144.31
2023H1,Westmeath,county,Westmeath,Four plus bed,1194.05
2023H2,Westmeath,county,Westmeath,Four plus bed,1298.11
2024H1,Westmeath,county,Westmeath,Four plus bed,1360.27
2024H2,Westmeath,county,Westmeath,Four plus bed,1460.41
2025H1,Westmeath,county,Westmeath,Four plus bed,1509.09
2025H2,Westmeath,county,Westmeath,Four plus bed,1603.91
2008H1,Westmeath,county,Westmeath,One bed,528.96
2008H2,Westmeath,county,Westmeath,One bed,508.39
2009H1,Westmeath,county,Westmeath,One bed,498.16
2009H2,Westmeath,county,Westmeath,One bed,481.83
2010H1,Westmeath,county,Westmeath,One bed,480.12
2010H2,Westmeath,county,Westmeath,One bed,461.73
2011H1,Westmeath,county,Westmeath,One bed,463.35
2011H2,Westmeath,county,Westmeath,One bed,441.06
2012H1,Westmeath,county,Westmeath,One bed,426.75
2012H2,Westmeath,county,Westmeath,One bed,421.43
2013H1,Westmeath,county,Westmeath,One bed,426.55
2013H2,Westmeath,county,Westmeath,One bed,426.37
2014H1,Westmeath,county,Westmeath,One bed,434.82
2014H2,Westmeath,county,Westmeath,One bed,427.18
2015H1,Westmeath,county,Westmeath,One bed,436.79
2015H2,Westmeath,county,Westmeath,One bed,460.22
2016H1,Westmeath,county,Westmeath,One bed,474.53
2016H2,Westmeath,county,Westmeath,One bed,488.18
2017H1,Westmeath,county,Westmeath,One bed,511.87
2017H2,Westmeath,county,Westmeath,One bed,532.71
2018H1,Westmeath,county,Westmeath,One bed,578.93
2018H2,Westmeath,county,Westmeath,One bed,592.98
2019H1,Westmeath,county,Westmeath,One bed,617.47
2019H2,Westmeath,county,Westmeath,One bed,628.76
2020H1,Westmeath,county,Westmeath,One bed,638.34
2020H2,Westmeath,county,Westmeath,One bed,647.26
2021H1,Westmeath,county,Westmeath,One bed,658.62
2021H2,Westmeath,county,Westmeath,One bed,715.32
2022H1,Westmeath,county,Westmeath,One bed,753.69
2022H2,Westmeath,county,Westmeath,One bed,786.69
2023H1,Westmeath,county,Westmeath,One bed,812.53
2023H2,Westmeath,county,Westmeath,One bed,845.64
2024H1,Westmeath,county,Westmeath,One bed,906.81
2024H2,Westmeath,county,Westmeath,One bed,894.22
2025H1,Westmeath,county,Westmeath,One bed,896.22
2025H2,Westmeath,county,Westmeath,One bed,914.25
2008H1,Westmeath,county,Westmeath,Three bed,720.47
2008H2,Westmeath,county,Westmeath,Three bed,690.43
2009H1,Westmeath,county,Westmeath,Three bed,650.49
2009H2,Westmeath,county,Westmeath,Three bed,624.21
2010H1,Westmeath,county,Westmeath,Three bed,587.96
2010H2,Westmeath,county,Westmeath,Three bed,572.8
2011H1,Westmeath,county,Westmeath,Three bed,560.78
2011H2,Westmeath,county,Westmeath,Three bed,564.95
2012H1,Westmeath,county,Westmeath,Three bed,546.23
2012H2,Westmeath,county,Westmeath,Three bed,547.75
2013H1,Westmeath,county,Westmeath,Three bed,541.04
2013H2,Westmeath,county,Westmeath,Three bed,545.0
2014H1,Westmeath,county,Westmeath,Three bed,544.93
2014H2,Westmeath,county,Westmeath,Three bed,556.69
2015H1,Westmeath,county,Westmeath,Three bed,571.79
2015H2,Westmeath,county,Westmeath,Three bed,618.56
2016H1,Westmeath,county,Westmeath,Three bed,629.13
2016H2,Westmeath,county,Westmeath,Three bed,663.06
2017H1,Westmeath,county,Westmeath,Three bed,698.89
2017H2,Westmeath,county,Westmeath,Three bed,727.6
2018H1,Westmeath,county,Westmeath,Three bed,756.71
2018H2,Westmeath,county,Westmeath,Three bed,785.29
2019H1,Westmeath,county,Westmeath,Three bed,819.54
2019H2,Westmeath,county,Westmeath,Three bed,854.09
2020H1,Westmeath,county,Westmeath,Three bed,881.89
2020H2,Westmeath,county,Westmeath,Three bed,895.38
2021H1,Westmeath,county,Westmeath,Three bed,918.48
2021H2,Westmeath,county,Westmeath,Three bed,938.15
2022H1,Westmeath,county,Westmeath,Three bed,958.63
2022H2,Westmeath,county,Westmeath,Three bed,995.76
2023H1,Westmeath,county,Westmeath,Three bed,1037.71
2023H2,Westmeath,county,Westmeath,Three bed,1103.05
2024H1,Westmeath,county,Westmeath,Three bed,1176.11
2024H2,Westmeath,county,Westmeath,Three bed,1209.15
2025H1,Westmeath,county,Westmeath,Three bed,1288.3
2025H2,Westmeath,county,Westmeath,Three bed,1334.36
2008H1,Westmeath,county,Westmeath,Two bed,700.79
2008H2,Westmeath,county,Westmeath,Two bed,653.87
2009H1,Westmeath,county,Westmeath,Two bed,625.23
2009H2,Westmeath,county,Westmeath,Two bed,592.38
2010H1,Westmeath,county,Westmeath,Two bed,570.56
2010H2,Westmeath,county,Westmeath,Two bed,550.7
2011H1,Westmeath,county,Westmeath,Two bed,553.41
2011H2,Westmeath,county,Westmeath,Two bed,542.51
2012H1,Westmeath,county,Westmeath,Two bed,516.04
2012H2,Westmeath,county,Westmeath,Two bed,519.28
2013H1,Westmeath,county,Westmeath,Two bed,522.65
2013H2,Westmeath,county,Westmeath,Two bed,528.61
2014H1,Westmeath,county,Westmeath,Two bed,528.96
2014H2,Westmeath,county,Westmeath,Two bed,535.5
2015H1,Westmeath,county,Westmeath,Two bed,543.0
2015H2,Westmeath,county,Westmeath,Two bed,706.53
2016H1,Westmeath,county,Westmeath,Two bed,599.45
2016H2,Westmeath,county,Westmeath,Two bed,636.55
2017H1,Westmeath,county,Westmeath,Two bed,648.05
2017H2,Westmeath,county,Westmeath,Two bed,684.66
2018H1,Westmeath,county,Westmeath,Two bed,724.95
2018H2,Westmeath,county,Westmeath,Two bed,757.03
2019H1,Westmeath,county,Westmeath,Two bed,788.64
2019H2,Westmeath,county,Westmeath,Two bed,809.38
2020H1,Westmeath,county,Westmeath,Two bed,823.67
2020H2,Westmeath,county,Westmeath,Two bed,837.47
2021H1,Westmeath,county,Westmeath,Two bed,855.63
2021H2,Westmeath,county,Westmeath,Two bed,880.15
2022H1,Westmeath,county,Westmeath,Two bed,916.65
2022H2,Westmeath,county,Westmeath,Two bed,958.97
2023H1,Westmeath,county,Westmeath,Two bed,978.13
2023H2,Westmeath,county,Westmeath,Two bed,1020.31
2024H1,Westmeath,county,Westmeath,Two bed,1070.92
2024H2,Westmeath,county,Westmeath,Two bed,1101.23
2025H1,Westmeath,county,Westmeath,Two bed,1150.45
2025H2,Westmeath,county,Westmeath,Two bed,1208.36
2008H1,Wexford,county,Wexford,All bedrooms,719.59
2008H2,Wexford,county,Wexford,All bedrooms,703.52
2009H1,Wexford,county,Wexford,All bedrooms,677.32
2009H2,Wexford,county,Wexford,All bedrooms,652.15
2010H1,Wexford,county,Wexford,All bedrooms,625.13
2010H2,Wexford,county,Wexford,All bedrooms,607.94
2011H1,Wexford,county,Wexford,All bedrooms,595.29
2011H2,Wexford,county,Wexford,All bedrooms,585.62
2012H1,Wexford,county,Wexford,All bedrooms,569.57
2012H2,Wexford,county,Wexford,All bedrooms,560.7
2013H1,Wexford,county,Wexford,All bedrooms,561.0
2013H2,Wexford,county,Wexford,All bedrooms,559.33
2014H1,Wexford,county,Wexford,All bedrooms,562.08
2014H2,Wexford,county,Wexford,All bedrooms,561.89
2015H1,Wexford,county,Wexford,All bedrooms,571.39
2015H2,Wexford,county,Wexford,All bedrooms,586.7
2016H1,Wexford,county,Wexford,All bedrooms,599.79
2016H2,Wexford,county,Wexford,All bedrooms,625.15
2017H1,Wexford,county,Wexford,All bedrooms,648.93
2017H2,Wexford,county,Wexford,All bedrooms,680.71
2018H1,Wexford,county,Wexford,All bedrooms,709.77
2018H2,Wexford,county,Wexford,All bedrooms,734.19
2019H1,Wexford,county,Wexford,All bedrooms,749.88
2019H2,Wexford,county,Wexford,All bedrooms,764.12
2020H1,Wexford,county,Wexford,All bedrooms,769.28
2020H2,Wexford,county,Wexford,All bedrooms,784.21
2021H1,Wexford,county,Wexford,All bedrooms,794.78
2021H2,Wexford,county,Wexford,All bedrooms,821.39
2022H1,Wexford,county,Wexford,All bedrooms,858.84
2022H2,Wexford,county,Wexford,All bedrooms,906.13
2023H1,Wexford,county,Wexford,All bedrooms,958.04
2023H2,Wexford,county,Wexford,All bedrooms,1020.61
2024H1,Wexford,county,Wexford,All bedrooms,1066.43
2024H2,Wexford,county,Wexford,All bedrooms,1112.89
2025H1,Wexford,county,Wexford,All bedrooms,1152.09
2025H2,Wexford,county,Wexford,All bedrooms,1191.97
2008H1,Wexford,county,Wexford,Four plus bed,817.49
2008H2,Wexford,county,Wexford,Four plus bed,807.67
2009H1,Wexford,county,Wexford,Four plus bed,775.2
2009H2,Wexford,county,Wexford,Four plus bed,747.85
2010H1,Wexford,county,Wexford,Four plus bed,710.93
2010H2,Wexford,county,Wexford,Four plus bed,696.88
2011H1,Wexford,county,Wexford,Four plus bed,684.69
2011H2,Wexford,county,Wexford,Four plus bed,681.9
2012H1,Wexford,county,Wexford,Four plus bed,663.41
2012H2,Wexford,county,Wexford,Four plus bed,654.21
2013H1,Wexford,county,Wexford,Four plus bed,649.23
2013H2,Wexford,county,Wexford,Four plus bed,653.79
2014H1,Wexford,county,Wexford,Four plus bed,652.85
2014H2,Wexford,county,Wexford,Four plus bed,666.3
2015H1,Wexford,county,Wexford,Four plus bed,681.89
2015H2,Wexford,county,Wexford,Four plus bed,708.5
2016H1,Wexford,county,Wexford,Four plus bed,728.41
2016H2,Wexford,county,Wexford,Four plus bed,751.93
2017H1,Wexford,county,Wexford,Four plus bed,776.98
2017H2,Wexford,county,Wexford,Four plus bed,811.22
2018H1,Wexford,county,Wexford,Four plus bed,848.11
2018H2,Wexford,county,Wexford,Four plus bed,881.52
2019H1,Wexford,county,Wexford,Four plus bed,905.08
2019H2,Wexford,county,Wexford,Four plus bed,916.71
2020H1,Wexford,county,Wexford,Four plus bed,913.7
2020H2,Wexford,county,Wexford,Four plus bed,931.16
2021H1,Wexford,county,Wexford,Four plus bed,946.83
2021H2,Wexford,county,Wexford,Four plus bed,1007.95
2022H1,Wexford,county,Wexford,Four plus bed,1058.53
2022H2,Wexford,county,Wexford,Four plus bed,1126.75
2023H1,Wexford,county,Wexford,Four plus bed,1161.4
2023H2,Wexford,county,Wexford,Four plus bed,1268.1
2024H1,Wexford,county,Wexford,Four plus bed,1292.12
2024H2,Wexford,county,Wexford,Four plus bed,1352.09
2025H1,Wexford,county,Wexford,Four plus bed,1401.22
2025H2,Wexford,county,Wexford,Four plus bed,1500.36
2008H1,Wexford,county,Wexford,One bed,562.43
2008H2,Wexford,county,Wexford,One bed,539.31
2009H1,Wexford,county,Wexford,One bed,524.58
2009H2,Wexford,county,Wexford,One bed,513.62
2010H1,Wexford,county,Wexford,One bed,496.85
2010H2,Wexford,county,Wexford,One bed,480.47
2011H1,Wexford,county,Wexford,One bed,459.58
2011H2,Wexford,county,Wexford,One bed,444.06
2012H1,Wexford,county,Wexford,One bed,420.53
2012H2,Wexford,county,Wexford,One bed,413.12
2013H1,Wexford,county,Wexford,One bed,408.01
2013H2,Wexford,county,Wexford,One bed,412.64
2014H1,Wexford,county,Wexford,One bed,416.25
2014H2,Wexford,county,Wexford,One bed,420.24
2015H1,Wexford,county,Wexford,One bed,425.94
2015H2,Wexford,county,Wexford,One bed,438.03
2016H1,Wexford,county,Wexford,One bed,456.82
2016H2,Wexford,county,Wexford,One bed,487.82
2017H1,Wexford,county,Wexford,One bed,515.65
2017H2,Wexford,county,Wexford,One bed,532.17
2018H1,Wexford,county,Wexford,One bed,541.63
2018H2,Wexford,county,Wexford,One bed,551.38
2019H1,Wexford,county,Wexford,One bed,568.16
2019H2,Wexford,county,Wexford,One bed,570.23
2020H1,Wexford,county,Wexford,One bed,578.72
2020H2,Wexford,county,Wexford,One bed,594.3
2021H1,Wexford,county,Wexford,One bed,607.88
2021H2,Wexford,county,Wexford,One bed,623.0
2022H1,Wexford,county,Wexford,One bed,652.8
2022H2,Wexford,county,Wexford,One bed,680.39
2023H1,Wexford,county,Wexford,One bed,711.38
2023H2,Wexford,county,Wexford,One bed,784.54
2024H1,Wexford,county,Wexford,One bed,830.34
2024H2,Wexford,county,Wexford,One bed,856.14
2025H1,Wexford,county,Wexford,One bed,877.62
2025H2,Wexford,county,Wexford,One bed,912.27
2008H1,Wexford,county,Wexford,Three bed,744.71
2008H2,Wexford,county,Wexford,Three bed,728.03
2009H1,Wexford,county,Wexford,Three bed,701.77
2009H2,Wexford,county,Wexford,Three bed,672.77
2010H1,Wexford,county,Wexford,Three bed,644.13
2010H2,Wexford,county,Wexford,Three bed,629.12
2011H1,Wexford,county,Wexford,Three bed,620.17
2011H2,Wexford,county,Wexford,Three bed,610.34
2012H1,Wexford,county,Wexford,Three bed,594.06
2012H2,Wexford,county,Wexford,Three bed,584.54
2013H1,Wexford,county,Wexford,Three bed,590.02
2013H2,Wexford,county,Wexford,Three bed,590.58
2014H1,Wexford,county,Wexford,Three bed,594.89
2014H2,Wexford,county,Wexford,Three bed,589.88
2015H1,Wexford,county,Wexford,Three bed,597.26
2015H2,Wexford,county,Wexford,Three bed,615.99
2016H1,Wexford,county,Wexford,Three bed,626.28
2016H2,Wexford,county,Wexford,Three bed,651.93
2017H1,Wexford,county,Wexford,Three bed,674.9
2017H2,Wexford,county,Wexford,Three bed,711.13
2018H1,Wexford,county,Wexford,Three bed,747.42
2018H2,Wexford,county,Wexford,Three bed,769.52
2019H1,Wexford,county,Wexford,Three bed,790.69
2019H2,Wexford,county,Wexford,Three bed,808.16
2020H1,Wexford,county,Wexford,Three bed,817.67
2020H2,Wexford,county,Wexford,Three bed,827.52
2021H1,Wexford,county,Wexford,Three bed,840.16
2021H2,Wexford,county,Wexford,Three bed,864.42
2022H1,Wexford,county,Wexford,Three bed,907.14
2022H2,Wexford,county,Wexford,Three bed,968.85
2023H1,Wexford,county,Wexford,Three bed,1025.29
2023H2,Wexford,county,Wexford,Three bed,1085.63
2024H1,Wexford,county,Wexford,Three bed,1133.83
2024H2,Wexford,county,Wexford,Three bed,1181.14
2025H1,Wexford,county,Wexford,Three bed,1226.87
2025H2,Wexford,county,Wexford,Three bed,1267.32
2008H1,Wexford,county,Wexford,Two bed,684.45
2008H2,Wexford,county,Wexford,Two bed,671.58
2009H1,Wexford,county,Wexford,Two bed,645.31
2009H2,Wexford,county,Wexford,Two bed,616.2
2010H1,Wexford,county,Wexford,Two bed,588.4
2010H2,Wexford,county,Wexford,Two bed,566.9
2011H1,Wexford,county,Wexford,Two bed,550.66
2011H2,Wexford,county,Wexford,Two bed,538.53
2012H1,Wexford,county,Wexford,Two bed,520.54
2012H2,Wexford,county,Wexford,Two bed,517.06
2013H1,Wexford,county,Wexford,Two bed,515.93
2013H2,Wexford,county,Wexford,Two bed,511.82
2014H1,Wexford,county,Wexford,Two bed,512.77
2014H2,Wexford,county,Wexford,Two bed,512.18
2015H1,Wexford,county,Wexford,Two bed,526.62
2015H2,Wexford,county,Wexford,Two bed,536.19
2016H1,Wexford,county,Wexford,Two bed,549.12
2016H2,Wexford,county,Wexford,Two bed,571.89
2017H1,Wexford,county,Wexford,Two bed,599.53
2017H2,Wexford,county,Wexford,Two bed,629.5
2018H1,Wexford,county,Wexford,Two bed,651.97
2018H2,Wexford,county,Wexford,Two bed,677.19
2019H1,Wexford,county,Wexford,Two bed,690.06
2019H2,Wexford,county,Wexford,Two bed,709.58
2020H1,Wexford,county,Wexford,Two bed,717.78
2020H2,Wexford,county,Wexford,Two bed,736.19
2021H1,Wexford,county,Wexford,Two bed,747.94
2021H2,Wexford,county,Wexford,Two bed,768.52
2022H1,Wexford,county,Wexford,Two bed,807.04
2022H2,Wexford,county,Wexford,Two bed,844.63
2023H1,Wexford,county,Wexford,Two bed,892.72
2023H2,Wexford,county,Wexford,Two bed,937.8
2024H1,Wexford,county,Wexford,Two bed,976.95
2024H2,Wexford,county,Wexford,Two bed,1026.19
2025H1,Wexford,county,Wexford,Two bed,1080.19
2025H2,Wexford,county,Wexford,Two bed,1106.94
2008H1,Wicklow,county,Wicklow,All bedrooms,1115.58
2008H2,Wicklow,county,Wicklow,All bedrooms,1083.18
2009H1,Wicklow,county,Wicklow,All bedrooms,1032.6
2009H2,Wicklow,county,Wicklow,All bedrooms,975.84
2010H1,Wicklow,county,Wicklow,All bedrooms,915.23
2010H2,Wicklow,county,Wicklow,All bedrooms,876.11
2011H1,Wicklow,county,Wicklow,All bedrooms,855.72
2011H2,Wicklow,county,Wicklow,All bedrooms,843.94
2012H1,Wicklow,county,Wicklow,All bedrooms,839.28
2012H2,Wicklow,county,Wicklow,All bedrooms,829.03
2013H1,Wicklow,county,Wicklow,All bedrooms,831.48
2013H2,Wicklow,county,Wicklow,All bedrooms,840.0
2014H1,Wicklow,county,Wicklow,All bedrooms,863.47
2014H2,Wicklow,county,Wicklow,All bedrooms,891.61
2015H1,Wicklow,county,Wicklow,All bedrooms,924.45
2015H2,Wicklow,county,Wicklow,All bedrooms,958.97
2016H1,Wicklow,county,Wicklow,All bedrooms,1009.61
2016H2,Wicklow,county,Wicklow,All bedrooms,1047.87
2017H1,Wicklow,county,Wicklow,All bedrooms,1100.51
2017H2,Wicklow,county,Wicklow,All bedrooms,1134.6
2018H1,Wicklow,county,Wicklow,All bedrooms,1179.11
2018H2,Wicklow,county,Wicklow,All bedrooms,1199.94
2019H1,Wicklow,county,Wicklow,All bedrooms,1219.97
2019H2,Wicklow,county,Wicklow,All bedrooms,1233.0
2020H1,Wicklow,county,Wicklow,All bedrooms,1265.09
2020H2,Wicklow,county,Wicklow,All bedrooms,1290.87
2021H1,Wicklow,county,Wicklow,All bedrooms,1345.72
2021H2,Wicklow,county,Wicklow,All bedrooms,1366.59
2022H1,Wicklow,county,Wicklow,All bedrooms,1398.62
2022H2,Wicklow,county,Wicklow,All bedrooms,1391.88
2023H1,Wicklow,county,Wicklow,All bedrooms,1434.58
2023H2,Wicklow,county,Wicklow,All bedrooms,1480.21
2024H1,Wicklow,county,Wicklow,All bedrooms,1576.26
2024H2,Wicklow,county,Wicklow,All bedrooms,1642.44
2025H1,Wicklow,county,Wicklow,All bedrooms,1698.55
2025H2,Wicklow,county,Wicklow,All bedrooms,1739.14
2008H1,Wicklow,county,Wicklow,Four plus bed,1342.55
2008H2,Wicklow,county,Wicklow,Four plus bed,1316.09
2009H1,Wicklow,county,Wicklow,Four plus bed,1263.26
2009H2,Wicklow,county,Wicklow,Four plus bed,1210.05
2010H1,Wicklow,county,Wicklow,Four plus bed,1128.61
2010H2,Wicklow,county,Wicklow,Four plus bed,1092.61
2011H1,Wicklow,county,Wicklow,Four plus bed,1082.31
2011H2,Wicklow,county,Wicklow,Four plus bed,1086.58
2012H1,Wicklow,county,Wicklow,Four plus bed,1087.73
2012H2,Wicklow,county,Wicklow,Four plus bed,1091.27
2013H1,Wicklow,county,Wicklow,Four plus bed,1091.82
2013H2,Wicklow,county,Wicklow,Four plus bed,1115.17
2014H1,Wicklow,county,Wicklow,Four plus bed,1126.46
2014H2,Wicklow,county,Wicklow,Four plus bed,1151.61
2015H1,Wicklow,county,Wicklow,Four plus bed,1183.24
2015H2,Wicklow,county,Wicklow,Four plus bed,1233.56
2016H1,Wicklow,county,Wicklow,Four plus bed,1324.12
2016H2,Wicklow,county,Wicklow,Four plus bed,1364.52
2017H1,Wicklow,county,Wicklow,Four plus bed,1441.89
2017H2,Wicklow,county,Wicklow,Four plus bed,1478.16
2018H1,Wicklow,county,Wicklow,Four plus bed,1576.85
2018H2,Wicklow,county,Wicklow,Four plus bed,1630.87
2019H1,Wicklow,county,Wicklow,Four plus bed,1645.45
2019H2,Wicklow,county,Wicklow,Four plus bed,1657.42
2020H1,Wicklow,county,Wicklow,Four plus bed,1665.45
2020H2,Wicklow,county,Wicklow,Four plus bed,1657.22
2021H1,Wicklow,county,Wicklow,Four plus bed,1681.56
2021H2,Wicklow,county,Wicklow,Four plus bed,1712.46
2022H1,Wicklow,county,Wicklow,Four plus bed,1787.92
2022H2,Wicklow,county,Wicklow,Four plus bed,1825.59
2023H1,Wicklow,county,Wicklow,Four plus bed,1895.01
2023H2,Wicklow,county,Wicklow,Four plus bed,1952.97
2024H1,Wicklow,county,Wicklow,Four plus bed,2099.82
2024H2,Wicklow,county,Wicklow,Four plus bed,2188.77
2025H1,Wicklow,county,Wicklow,Four plus bed,2260.69
2025H2,Wicklow,county,Wicklow,Four plus bed,2298.46
2008H1,Wicklow,county,Wicklow,One bed,892.53
2008H2,Wicklow,county,Wicklow,One bed,833.78
2009H1,Wicklow,county,Wicklow,One bed,790.54
2009H2,Wicklow,county,Wicklow,One bed,754.13
2010H1,Wicklow,county,Wicklow,One bed,707.85
2010H2,Wicklow,county,Wicklow,One bed,672.77
2011H1,Wicklow,county,Wicklow,One bed,627.94
2011H2,Wicklow,county,Wicklow,One bed,607.89
2012H1,Wicklow,county,Wicklow,One bed,612.1
2012H2,Wicklow,county,Wicklow,One bed,601.78
2013H1,Wicklow,county,Wicklow,One bed,608.33
2013H2,Wicklow,county,Wicklow,One bed,614.24
2014H1,Wicklow,county,Wicklow,One bed,645.61
2014H2,Wicklow,county,Wicklow,One bed,660.0
2015H1,Wicklow,county,Wicklow,One bed,696.01
2015H2,Wicklow,county,Wicklow,One bed,717.7
2016H1,Wicklow,county,Wicklow,One bed,769.1
2016H2,Wicklow,county,Wicklow,One bed,796.68
2017H1,Wicklow,county,Wicklow,One bed,829.6
2017H2,Wicklow,county,Wicklow,One bed,838.97
2018H1,Wicklow,county,Wicklow,One bed,891.44
2018H2,Wicklow,county,Wicklow,One bed,887.3
2019H1,Wicklow,county,Wicklow,One bed,908.69
2019H2,Wicklow,county,Wicklow,One bed,903.13
2020H1,Wicklow,county,Wicklow,One bed,948.32
2020H2,Wicklow,county,Wicklow,One bed,963.3
2021H1,Wicklow,county,Wicklow,One bed,1001.5
2021H2,Wicklow,county,Wicklow,One bed,1012.94
2022H1,Wicklow,county,Wicklow,One bed,1023.41
2022H2,Wicklow,county,Wicklow,One bed,1005.94
2023H1,Wicklow,county,Wicklow,One bed,1014.03
2023H2,Wicklow,county,Wicklow,One bed,1038.32
2024H1,Wicklow,county,Wicklow,One bed,1101.47
2024H2,Wicklow,county,Wicklow,One bed,1130.14
2025H1,Wicklow,county,Wicklow,One bed,1178.48
2025H2,Wicklow,county,Wicklow,One bed,1197.73
2008H1,Wicklow,county,Wicklow,Three bed,1143.68
2008H2,Wicklow,county,Wicklow,Three bed,1118.85
2009H1,Wicklow,county,Wicklow,Three bed,1067.93
2009H2,Wicklow,county,Wicklow,Three bed,1020.21
2010H1,Wicklow,county,Wicklow,Three bed,958.51
2010H2,Wicklow,county,Wicklow,Three bed,912.33
2011H1,Wicklow,county,Wicklow,Three bed,886.15
2011H2,Wicklow,county,Wicklow,Three bed,877.97
2012H1,Wicklow,county,Wicklow,Three bed,868.1
2012H2,Wicklow,county,Wicklow,Three bed,861.14
2013H1,Wicklow,county,Wicklow,Three bed,856.57
2013H2,Wicklow,county,Wicklow,Three bed,859.92
2014H1,Wicklow,county,Wicklow,Three bed,885.08
2014H2,Wicklow,county,Wicklow,Three bed,911.75
2015H1,Wicklow,county,Wicklow,Three bed,945.19
2015H2,Wicklow,county,Wicklow,Three bed,989.97
2016H1,Wicklow,county,Wicklow,Three bed,1044.89
2016H2,Wicklow,county,Wicklow,Three bed,1085.37
2017H1,Wicklow,county,Wicklow,Three bed,1132.83
2017H2,Wicklow,county,Wicklow,Three bed,1189.74
2018H1,Wicklow,county,Wicklow,Three bed,1229.18
2018H2,Wicklow,county,Wicklow,Three bed,1253.84
2019H1,Wicklow,county,Wicklow,Three bed,1269.64
2019H2,Wicklow,county,Wicklow,Three bed,1303.71
2020H1,Wicklow,county,Wicklow,Three bed,1328.61
2020H2,Wicklow,county,Wicklow,Three bed,1348.43
2021H1,Wicklow,county,Wicklow,Three bed,1376.21
2021H2,Wicklow,county,Wicklow,Three bed,1409.73
2022H1,Wicklow,county,Wicklow,Three bed,1442.21
2022H2,Wicklow,county,Wicklow,Three bed,1481.49
2023H1,Wicklow,county,Wicklow,Three bed,1552.64
2023H2,Wicklow,county,Wicklow,Three bed,1619.05
2024H1,Wicklow,county,Wicklow,Three bed,1704.37
2024H2,Wicklow,county,Wicklow,Three bed,1800.49
2025H1,Wicklow,county,Wicklow,Three bed,1850.31
2025H2,Wicklow,county,Wicklow,Three bed,1917.95
2008H1,Wicklow,county,Wicklow,Two bed,1088.91
2008H2,Wicklow,county,Wicklow,Two bed,1060.42
2009H1,Wicklow,county,Wicklow,Two bed,1009.41
2009H2,Wicklow,county,Wicklow,Two bed,937.05
2010H1,Wicklow,county,Wicklow,Two bed,874.47
2010H2,Wicklow,county,Wicklow,Two bed,828.97
2011H1,Wicklow,county,Wicklow,Two bed,808.66
2011H2,Wicklow,county,Wicklow,Two bed,791.11
2012H1,Wicklow,county,Wicklow,Two bed,785.49
2012H2,Wicklow,county,Wicklow,Two bed,782.73
2013H1,Wicklow,county,Wicklow,Two bed,791.72
2013H2,Wicklow,county,Wicklow,Two bed,801.09
2014H1,Wicklow,county,Wicklow,Two bed,822.89
2014H2,Wicklow,county,Wicklow,Two bed,858.0
2015H1,Wicklow,county,Wicklow,Two bed,902.32
2015H2,Wicklow,county,Wicklow,Two bed,929.29
2016H1,Wicklow,county,Wicklow,Two bed,964.86
2016H2,Wicklow,county,Wicklow,Two bed,998.57
2017H1,Wicklow,county,Wicklow,Two bed,1053.69
2017H2,Wicklow,county,Wicklow,Two bed,1082.03
2018H1,Wicklow,county,Wicklow,Two bed,1119.42
2018H2,Wicklow,county,Wicklow,Two bed,1131.25
2019H1,Wicklow,county,Wicklow,Two bed,1167.85
2019H2,Wicklow,county,Wicklow,Two bed,1180.01
2020H1,Wicklow,county,Wicklow,Two bed,1221.84
2020H2,Wicklow,county,Wicklow,Two bed,1275.53
2021H1,Wicklow,county,Wicklow,Two bed,1372.96
2021H2,Wicklow,county,Wicklow,Two bed,1388.04
2022H1,Wicklow,county,Wicklow,Two bed,1415.2
2022H2,Wicklow,county,Wicklow,Two bed,1374.77
2023H1,Wicklow,county,Wicklow,Two bed,1429.83
2023H2,Wicklow,county,Wicklow,Two bed,1473.85
2024H1,Wicklow,county,Wicklow,Two bed,1589.14
2024H2,Wicklow,county,Wicklow,Two bed,1647.71
2025H1,Wicklow,county,Wicklow,Two bed,1696.47
2025H2,Wicklow,county,Wicklow,Two bed,1720.19
